~o
<STREAMINFO> 1 39
<VECSIZE> 39<NULLD><PLP_D_A_Z_0><DIAGC>
~h "gss4"
<BEGINHMM>
<NUMSTATES> 14
<STATE> 2
<NUMMIXES> 8
<MIXTURE> 1 1.250000e-01
<MEAN> 39
 1.750418e-01 4.448262e-01 2.134131e-01 3.131455e-01 3.175982e-02 -1.328839e-01 -1.157665e-01 -2.229773e-01 -1.339864e-01 -1.489296e-02 -9.806132e-02 -8.600856e-02 -4.980797e-01 -1.002428e-01 -4.932391e-02 -4.452129e-02 -1.714118e-02 5.120957e-02 3.338390e-02 3.552536e-02 -4.661552e-03 1.814333e-03 1.483803e-02 2.073595e-02 2.239552e-02 5.047489e-02 -2.056745e-02 -4.057489e-02 -1.455683e-02 -3.584111e-02 -1.322322e-02 7.006141e-04 5.626454e-03 1.726072e-02 1.103388e-02 1.149326e-02 1.389402e-02 1.005279e-02 7.832230e-02
<VARIANCE> 39
 5.391963e-01 3.692389e-01 4.597746e-01 3.929223e-01 4.712498e-01 3.989955e-01 3.414805e-01 3.605962e-01 3.538653e-01 2.595876e-01 2.072161e-01 1.606531e-01 5.517123e-01 5.428373e-02 4.384950e-02 4.138146e-02 4.057896e-02 4.761176e-02 3.897919e-02 3.364816e-02 3.558272e-02 3.104719e-02 2.580107e-02 2.117348e-02 1.649783e-02 7.052664e-02 6.171601e-03 5.933052e-03 6.171776e-03 6.388280e-03 7.740011e-03 6.660826e-03 5.982214e-03 6.382303e-03 5.922771e-03 4.918323e-03 3.943244e-03 2.948126e-03 8.900447e-03
<GCONST> -5.191608e+01
<MIXTURE> 2 1.250000e-01
<MEAN> 39
 1.750418e-01 4.448262e-01 2.134131e-01 3.131455e-01 3.175982e-02 -1.328839e-01 -1.157665e-01 -2.229773e-01 -1.339864e-01 -1.489296e-02 -9.806132e-02 -8.600856e-02 -4.980797e-01 -1.002428e-01 -4.932391e-02 -4.452129e-02 -1.714118e-02 5.120957e-02 3.338390e-02 3.552536e-02 -4.661552e-03 1.814333e-03 1.483803e-02 2.073595e-02 2.239552e-02 5.047489e-02 -2.056745e-02 -4.057489e-02 -1.455683e-02 -3.584111e-02 -1.322322e-02 7.006141e-04 5.626454e-03 1.726072e-02 1.103388e-02 1.149326e-02 1.389402e-02 1.005279e-02 7.832230e-02
<VARIANCE> 39
 5.391963e-01 3.692389e-01 4.597746e-01 3.929223e-01 4.712498e-01 3.989955e-01 3.414805e-01 3.605962e-01 3.538653e-01 2.595876e-01 2.072161e-01 1.606531e-01 5.517123e-01 5.428373e-02 4.384950e-02 4.138146e-02 4.057896e-02 4.761176e-02 3.897919e-02 3.364816e-02 3.558272e-02 3.104719e-02 2.580107e-02 2.117348e-02 1.649783e-02 7.052664e-02 6.171601e-03 5.933052e-03 6.171776e-03 6.388280e-03 7.740011e-03 6.660826e-03 5.982214e-03 6.382303e-03 5.922771e-03 4.918323e-03 3.943244e-03 2.948126e-03 8.900447e-03
<GCONST> -5.191608e+01
<MIXTURE> 3 1.250000e-01
<MEAN> 39
 1.750418e-01 4.448262e-01 2.134131e-01 3.131455e-01 3.175982e-02 -1.328839e-01 -1.157665e-01 -2.229773e-01 -1.339864e-01 -1.489296e-02 -9.806132e-02 -8.600856e-02 -4.980797e-01 -1.002428e-01 -4.932391e-02 -4.452129e-02 -1.714118e-02 5.120957e-02 3.338390e-02 3.552536e-02 -4.661552e-03 1.814333e-03 1.483803e-02 2.073595e-02 2.239552e-02 5.047489e-02 -2.056745e-02 -4.057489e-02 -1.455683e-02 -3.584111e-02 -1.322322e-02 7.006141e-04 5.626454e-03 1.726072e-02 1.103388e-02 1.149326e-02 1.389402e-02 1.005279e-02 7.832230e-02
<VARIANCE> 39
 5.391963e-01 3.692389e-01 4.597746e-01 3.929223e-01 4.712498e-01 3.989955e-01 3.414805e-01 3.605962e-01 3.538653e-01 2.595876e-01 2.072161e-01 1.606531e-01 5.517123e-01 5.428373e-02 4.384950e-02 4.138146e-02 4.057896e-02 4.761176e-02 3.897919e-02 3.364816e-02 3.558272e-02 3.104719e-02 2.580107e-02 2.117348e-02 1.649783e-02 7.052664e-02 6.171601e-03 5.933052e-03 6.171776e-03 6.388280e-03 7.740011e-03 6.660826e-03 5.982214e-03 6.382303e-03 5.922771e-03 4.918323e-03 3.943244e-03 2.948126e-03 8.900447e-03
<GCONST> -5.191608e+01
<MIXTURE> 4 1.250000e-01
<MEAN> 39
 1.750418e-01 4.448262e-01 2.134131e-01 3.131455e-01 3.175982e-02 -1.328839e-01 -1.157665e-01 -2.229773e-01 -1.339864e-01 -1.489296e-02 -9.806132e-02 -8.600856e-02 -4.980797e-01 -1.002428e-01 -4.932391e-02 -4.452129e-02 -1.714118e-02 5.120957e-02 3.338390e-02 3.552536e-02 -4.661552e-03 1.814333e-03 1.483803e-02 2.073595e-02 2.239552e-02 5.047489e-02 -2.056745e-02 -4.057489e-02 -1.455683e-02 -3.584111e-02 -1.322322e-02 7.006141e-04 5.626454e-03 1.726072e-02 1.103388e-02 1.149326e-02 1.389402e-02 1.005279e-02 7.832230e-02
<VARIANCE> 39
 5.391963e-01 3.692389e-01 4.597746e-01 3.929223e-01 4.712498e-01 3.989955e-01 3.414805e-01 3.605962e-01 3.538653e-01 2.595876e-01 2.072161e-01 1.606531e-01 5.517123e-01 5.428373e-02 4.384950e-02 4.138146e-02 4.057896e-02 4.761176e-02 3.897919e-02 3.364816e-02 3.558272e-02 3.104719e-02 2.580107e-02 2.117348e-02 1.649783e-02 7.052664e-02 6.171601e-03 5.933052e-03 6.171776e-03 6.388280e-03 7.740011e-03 6.660826e-03 5.982214e-03 6.382303e-03 5.922771e-03 4.918323e-03 3.943244e-03 2.948126e-03 8.900447e-03
<GCONST> -5.191608e+01
<MIXTURE> 5 1.250000e-01
<MEAN> 39
 1.750418e-01 4.448262e-01 2.134131e-01 3.131455e-01 3.175982e-02 -1.328839e-01 -1.157665e-01 -2.229773e-01 -1.339864e-01 -1.489296e-02 -9.806132e-02 -8.600856e-02 -4.980797e-01 -1.002428e-01 -4.932391e-02 -4.452129e-02 -1.714118e-02 5.120957e-02 3.338390e-02 3.552536e-02 -4.661552e-03 1.814333e-03 1.483803e-02 2.073595e-02 2.239552e-02 5.047489e-02 -2.056745e-02 -4.057489e-02 -1.455683e-02 -3.584111e-02 -1.322322e-02 7.006141e-04 5.626454e-03 1.726072e-02 1.103388e-02 1.149326e-02 1.389402e-02 1.005279e-02 7.832230e-02
<VARIANCE> 39
 5.391963e-01 3.692389e-01 4.597746e-01 3.929223e-01 4.712498e-01 3.989955e-01 3.414805e-01 3.605962e-01 3.538653e-01 2.595876e-01 2.072161e-01 1.606531e-01 5.517123e-01 5.428373e-02 4.384950e-02 4.138146e-02 4.057896e-02 4.761176e-02 3.897919e-02 3.364816e-02 3.558272e-02 3.104719e-02 2.580107e-02 2.117348e-02 1.649783e-02 7.052664e-02 6.171601e-03 5.933052e-03 6.171776e-03 6.388280e-03 7.740011e-03 6.660826e-03 5.982214e-03 6.382303e-03 5.922771e-03 4.918323e-03 3.943244e-03 2.948126e-03 8.900447e-03
<GCONST> -5.191608e+01
<MIXTURE> 6 1.250000e-01
<MEAN> 39
 1.750418e-01 4.448262e-01 2.134131e-01 3.131455e-01 3.175982e-02 -1.328839e-01 -1.157665e-01 -2.229773e-01 -1.339864e-01 -1.489296e-02 -9.806132e-02 -8.600856e-02 -4.980797e-01 -1.002428e-01 -4.932391e-02 -4.452129e-02 -1.714118e-02 5.120957e-02 3.338390e-02 3.552536e-02 -4.661552e-03 1.814333e-03 1.483803e-02 2.073595e-02 2.239552e-02 5.047489e-02 -2.056745e-02 -4.057489e-02 -1.455683e-02 -3.584111e-02 -1.322322e-02 7.006141e-04 5.626454e-03 1.726072e-02 1.103388e-02 1.149326e-02 1.389402e-02 1.005279e-02 7.832230e-02
<VARIANCE> 39
 5.391963e-01 3.692389e-01 4.597746e-01 3.929223e-01 4.712498e-01 3.989955e-01 3.414805e-01 3.605962e-01 3.538653e-01 2.595876e-01 2.072161e-01 1.606531e-01 5.517123e-01 5.428373e-02 4.384950e-02 4.138146e-02 4.057896e-02 4.761176e-02 3.897919e-02 3.364816e-02 3.558272e-02 3.104719e-02 2.580107e-02 2.117348e-02 1.649783e-02 7.052664e-02 6.171601e-03 5.933052e-03 6.171776e-03 6.388280e-03 7.740011e-03 6.660826e-03 5.982214e-03 6.382303e-03 5.922771e-03 4.918323e-03 3.943244e-03 2.948126e-03 8.900447e-03
<GCONST> -5.191608e+01
<MIXTURE> 7 1.250000e-01
<MEAN> 39
 1.750418e-01 4.448262e-01 2.134131e-01 3.131455e-01 3.175982e-02 -1.328839e-01 -1.157665e-01 -2.229773e-01 -1.339864e-01 -1.489296e-02 -9.806132e-02 -8.600856e-02 -4.980797e-01 -1.002428e-01 -4.932391e-02 -4.452129e-02 -1.714118e-02 5.120957e-02 3.338390e-02 3.552536e-02 -4.661552e-03 1.814333e-03 1.483803e-02 2.073595e-02 2.239552e-02 5.047489e-02 -2.056745e-02 -4.057489e-02 -1.455683e-02 -3.584111e-02 -1.322322e-02 7.006141e-04 5.626454e-03 1.726072e-02 1.103388e-02 1.149326e-02 1.389402e-02 1.005279e-02 7.832230e-02
<VARIANCE> 39
 5.391963e-01 3.692389e-01 4.597746e-01 3.929223e-01 4.712498e-01 3.989955e-01 3.414805e-01 3.605962e-01 3.538653e-01 2.595876e-01 2.072161e-01 1.606531e-01 5.517123e-01 5.428373e-02 4.384950e-02 4.138146e-02 4.057896e-02 4.761176e-02 3.897919e-02 3.364816e-02 3.558272e-02 3.104719e-02 2.580107e-02 2.117348e-02 1.649783e-02 7.052664e-02 6.171601e-03 5.933052e-03 6.171776e-03 6.388280e-03 7.740011e-03 6.660826e-03 5.982214e-03 6.382303e-03 5.922771e-03 4.918323e-03 3.943244e-03 2.948126e-03 8.900447e-03
<GCONST> -5.191608e+01
<MIXTURE> 8 1.250000e-01
<MEAN> 39
 1.750418e-01 4.448262e-01 2.134131e-01 3.131455e-01 3.175982e-02 -1.328839e-01 -1.157665e-01 -2.229773e-01 -1.339864e-01 -1.489296e-02 -9.806132e-02 -8.600856e-02 -4.980797e-01 -1.002428e-01 -4.932391e-02 -4.452129e-02 -1.714118e-02 5.120957e-02 3.338390e-02 3.552536e-02 -4.661552e-03 1.814333e-03 1.483803e-02 2.073595e-02 2.239552e-02 5.047489e-02 -2.056745e-02 -4.057489e-02 -1.455683e-02 -3.584111e-02 -1.322322e-02 7.006141e-04 5.626454e-03 1.726072e-02 1.103388e-02 1.149326e-02 1.389402e-02 1.005279e-02 7.832230e-02
<VARIANCE> 39
 5.391963e-01 3.692389e-01 4.597746e-01 3.929223e-01 4.712498e-01 3.989955e-01 3.414805e-01 3.605962e-01 3.538653e-01 2.595876e-01 2.072161e-01 1.606531e-01 5.517123e-01 5.428373e-02 4.384950e-02 4.138146e-02 4.057896e-02 4.761176e-02 3.897919e-02 3.364816e-02 3.558272e-02 3.104719e-02 2.580107e-02 2.117348e-02 1.649783e-02 7.052664e-02 6.171601e-03 5.933052e-03 6.171776e-03 6.388280e-03 7.740011e-03 6.660826e-03 5.982214e-03 6.382303e-03 5.922771e-03 4.918323e-03 3.943244e-03 2.948126e-03 8.900447e-03
<GCONST> -5.191608e+01
<STATE> 3
<NUMMIXES> 8
<MIXTURE> 1 1.250000e-01
<MEAN> 39
 -4.647919e-01 -1.424828e-01 -1.265488e-01 1.175819e-02 2.405905e-01 3.990363e-03 8.256369e-02 -7.898588e-02 -2.774612e-03 1.709889e-01 6.457583e-02 7.951066e-02 2.099619e-01 -7.979476e-02 -8.268814e-02 -3.789953e-02 -8.278741e-02 -8.381729e-03 1.701599e-02 2.830256e-02 2.382430e-02 1.995607e-02 1.960465e-02 3.194383e-02 2.352271e-02 2.056979e-01 6.183316e-02 3.045923e-02 1.630995e-02 9.364872e-04 -2.720737e-02 -2.839105e-03 -1.677212e-02 7.091150e-04 -3.336299e-03 -1.648932e-02 -8.864650e-03 -1.323880e-02 -2.592749e-02
<VARIANCE> 39
 7.316186e-01 5.223854e-01 6.489775e-01 4.762715e-01 5.536023e-01 4.792673e-01 4.306189e-01 3.866009e-01 3.406666e-01 2.930743e-01 1.920098e-01 1.576966e-01 3.413381e-01 6.204758e-02 3.852969e-02 4.578865e-02 4.227468e-02 4.860989e-02 4.393805e-02 3.600610e-02 3.651496e-02 3.307210e-02 2.702581e-02 1.981310e-02 1.540100e-02 5.590505e-02 8.383926e-03 8.145237e-03 8.449639e-03 8.136216e-03 8.876651e-03 8.653776e-03 7.372902e-03 7.899425e-03 6.861437e-03 5.731931e-03 4.171881e-03 3.267019e-03 8.203311e-03
<GCONST> -4.807199e+01
<MIXTURE> 2 1.250000e-01
<MEAN> 39
 -4.647919e-01 -1.424828e-01 -1.265488e-01 1.175819e-02 2.405905e-01 3.990363e-03 8.256369e-02 -7.898588e-02 -2.774612e-03 1.709889e-01 6.457583e-02 7.951066e-02 2.099619e-01 -7.979476e-02 -8.268814e-02 -3.789953e-02 -8.278741e-02 -8.381729e-03 1.701599e-02 2.830256e-02 2.382430e-02 1.995607e-02 1.960465e-02 3.194383e-02 2.352271e-02 2.056979e-01 6.183316e-02 3.045923e-02 1.630995e-02 9.364872e-04 -2.720737e-02 -2.839105e-03 -1.677212e-02 7.091150e-04 -3.336299e-03 -1.648932e-02 -8.864650e-03 -1.323880e-02 -2.592749e-02
<VARIANCE> 39
 7.316186e-01 5.223854e-01 6.489775e-01 4.762715e-01 5.536023e-01 4.792673e-01 4.306189e-01 3.866009e-01 3.406666e-01 2.930743e-01 1.920098e-01 1.576966e-01 3.413381e-01 6.204758e-02 3.852969e-02 4.578865e-02 4.227468e-02 4.860989e-02 4.393805e-02 3.600610e-02 3.651496e-02 3.307210e-02 2.702581e-02 1.981310e-02 1.540100e-02 5.590505e-02 8.383926e-03 8.145237e-03 8.449639e-03 8.136216e-03 8.876651e-03 8.653776e-03 7.372902e-03 7.899425e-03 6.861437e-03 5.731931e-03 4.171881e-03 3.267019e-03 8.203311e-03
<GCONST> -4.807199e+01
<MIXTURE> 3 1.250000e-01
<MEAN> 39
 -4.647919e-01 -1.424828e-01 -1.265488e-01 1.175819e-02 2.405905e-01 3.990363e-03 8.256369e-02 -7.898588e-02 -2.774612e-03 1.709889e-01 6.457583e-02 7.951066e-02 2.099619e-01 -7.979476e-02 -8.268814e-02 -3.789953e-02 -8.278741e-02 -8.381729e-03 1.701599e-02 2.830256e-02 2.382430e-02 1.995607e-02 1.960465e-02 3.194383e-02 2.352271e-02 2.056979e-01 6.183316e-02 3.045923e-02 1.630995e-02 9.364872e-04 -2.720737e-02 -2.839105e-03 -1.677212e-02 7.091150e-04 -3.336299e-03 -1.648932e-02 -8.864650e-03 -1.323880e-02 -2.592749e-02
<VARIANCE> 39
 7.316186e-01 5.223854e-01 6.489775e-01 4.762715e-01 5.536023e-01 4.792673e-01 4.306189e-01 3.866009e-01 3.406666e-01 2.930743e-01 1.920098e-01 1.576966e-01 3.413381e-01 6.204758e-02 3.852969e-02 4.578865e-02 4.227468e-02 4.860989e-02 4.393805e-02 3.600610e-02 3.651496e-02 3.307210e-02 2.702581e-02 1.981310e-02 1.540100e-02 5.590505e-02 8.383926e-03 8.145237e-03 8.449639e-03 8.136216e-03 8.876651e-03 8.653776e-03 7.372902e-03 7.899425e-03 6.861437e-03 5.731931e-03 4.171881e-03 3.267019e-03 8.203311e-03
<GCONST> -4.807199e+01
<MIXTURE> 4 1.250000e-01
<MEAN> 39
 -4.647919e-01 -1.424828e-01 -1.265488e-01 1.175819e-02 2.405905e-01 3.990363e-03 8.256369e-02 -7.898588e-02 -2.774612e-03 1.709889e-01 6.457583e-02 7.951066e-02 2.099619e-01 -7.979476e-02 -8.268814e-02 -3.789953e-02 -8.278741e-02 -8.381729e-03 1.701599e-02 2.830256e-02 2.382430e-02 1.995607e-02 1.960465e-02 3.194383e-02 2.352271e-02 2.056979e-01 6.183316e-02 3.045923e-02 1.630995e-02 9.364872e-04 -2.720737e-02 -2.839105e-03 -1.677212e-02 7.091150e-04 -3.336299e-03 -1.648932e-02 -8.864650e-03 -1.323880e-02 -2.592749e-02
<VARIANCE> 39
 7.316186e-01 5.223854e-01 6.489775e-01 4.762715e-01 5.536023e-01 4.792673e-01 4.306189e-01 3.866009e-01 3.406666e-01 2.930743e-01 1.920098e-01 1.576966e-01 3.413381e-01 6.204758e-02 3.852969e-02 4.578865e-02 4.227468e-02 4.860989e-02 4.393805e-02 3.600610e-02 3.651496e-02 3.307210e-02 2.702581e-02 1.981310e-02 1.540100e-02 5.590505e-02 8.383926e-03 8.145237e-03 8.449639e-03 8.136216e-03 8.876651e-03 8.653776e-03 7.372902e-03 7.899425e-03 6.861437e-03 5.731931e-03 4.171881e-03 3.267019e-03 8.203311e-03
<GCONST> -4.807199e+01
<MIXTURE> 5 1.250000e-01
<MEAN> 39
 -4.647919e-01 -1.424828e-01 -1.265488e-01 1.175819e-02 2.405905e-01 3.990363e-03 8.256369e-02 -7.898588e-02 -2.774612e-03 1.709889e-01 6.457583e-02 7.951066e-02 2.099619e-01 -7.979476e-02 -8.268814e-02 -3.789953e-02 -8.278741e-02 -8.381729e-03 1.701599e-02 2.830256e-02 2.382430e-02 1.995607e-02 1.960465e-02 3.194383e-02 2.352271e-02 2.056979e-01 6.183316e-02 3.045923e-02 1.630995e-02 9.364872e-04 -2.720737e-02 -2.839105e-03 -1.677212e-02 7.091150e-04 -3.336299e-03 -1.648932e-02 -8.864650e-03 -1.323880e-02 -2.592749e-02
<VARIANCE> 39
 7.316186e-01 5.223854e-01 6.489775e-01 4.762715e-01 5.536023e-01 4.792673e-01 4.306189e-01 3.866009e-01 3.406666e-01 2.930743e-01 1.920098e-01 1.576966e-01 3.413381e-01 6.204758e-02 3.852969e-02 4.578865e-02 4.227468e-02 4.860989e-02 4.393805e-02 3.600610e-02 3.651496e-02 3.307210e-02 2.702581e-02 1.981310e-02 1.540100e-02 5.590505e-02 8.383926e-03 8.145237e-03 8.449639e-03 8.136216e-03 8.876651e-03 8.653776e-03 7.372902e-03 7.899425e-03 6.861437e-03 5.731931e-03 4.171881e-03 3.267019e-03 8.203311e-03
<GCONST> -4.807199e+01
<MIXTURE> 6 1.250000e-01
<MEAN> 39
 -4.647919e-01 -1.424828e-01 -1.265488e-01 1.175819e-02 2.405905e-01 3.990363e-03 8.256369e-02 -7.898588e-02 -2.774612e-03 1.709889e-01 6.457583e-02 7.951066e-02 2.099619e-01 -7.979476e-02 -8.268814e-02 -3.789953e-02 -8.278741e-02 -8.381729e-03 1.701599e-02 2.830256e-02 2.382430e-02 1.995607e-02 1.960465e-02 3.194383e-02 2.352271e-02 2.056979e-01 6.183316e-02 3.045923e-02 1.630995e-02 9.364872e-04 -2.720737e-02 -2.839105e-03 -1.677212e-02 7.091150e-04 -3.336299e-03 -1.648932e-02 -8.864650e-03 -1.323880e-02 -2.592749e-02
<VARIANCE> 39
 7.316186e-01 5.223854e-01 6.489775e-01 4.762715e-01 5.536023e-01 4.792673e-01 4.306189e-01 3.866009e-01 3.406666e-01 2.930743e-01 1.920098e-01 1.576966e-01 3.413381e-01 6.204758e-02 3.852969e-02 4.578865e-02 4.227468e-02 4.860989e-02 4.393805e-02 3.600610e-02 3.651496e-02 3.307210e-02 2.702581e-02 1.981310e-02 1.540100e-02 5.590505e-02 8.383926e-03 8.145237e-03 8.449639e-03 8.136216e-03 8.876651e-03 8.653776e-03 7.372902e-03 7.899425e-03 6.861437e-03 5.731931e-03 4.171881e-03 3.267019e-03 8.203311e-03
<GCONST> -4.807199e+01
<MIXTURE> 7 1.250000e-01
<MEAN> 39
 -4.647919e-01 -1.424828e-01 -1.265488e-01 1.175819e-02 2.405905e-01 3.990363e-03 8.256369e-02 -7.898588e-02 -2.774612e-03 1.709889e-01 6.457583e-02 7.951066e-02 2.099619e-01 -7.979476e-02 -8.268814e-02 -3.789953e-02 -8.278741e-02 -8.381729e-03 1.701599e-02 2.830256e-02 2.382430e-02 1.995607e-02 1.960465e-02 3.194383e-02 2.352271e-02 2.056979e-01 6.183316e-02 3.045923e-02 1.630995e-02 9.364872e-04 -2.720737e-02 -2.839105e-03 -1.677212e-02 7.091150e-04 -3.336299e-03 -1.648932e-02 -8.864650e-03 -1.323880e-02 -2.592749e-02
<VARIANCE> 39
 7.316186e-01 5.223854e-01 6.489775e-01 4.762715e-01 5.536023e-01 4.792673e-01 4.306189e-01 3.866009e-01 3.406666e-01 2.930743e-01 1.920098e-01 1.576966e-01 3.413381e-01 6.204758e-02 3.852969e-02 4.578865e-02 4.227468e-02 4.860989e-02 4.393805e-02 3.600610e-02 3.651496e-02 3.307210e-02 2.702581e-02 1.981310e-02 1.540100e-02 5.590505e-02 8.383926e-03 8.145237e-03 8.449639e-03 8.136216e-03 8.876651e-03 8.653776e-03 7.372902e-03 7.899425e-03 6.861437e-03 5.731931e-03 4.171881e-03 3.267019e-03 8.203311e-03
<GCONST> -4.807199e+01
<MIXTURE> 8 1.250000e-01
<MEAN> 39
 -4.647919e-01 -1.424828e-01 -1.265488e-01 1.175819e-02 2.405905e-01 3.990363e-03 8.256369e-02 -7.898588e-02 -2.774612e-03 1.709889e-01 6.457583e-02 7.951066e-02 2.099619e-01 -7.979476e-02 -8.268814e-02 -3.789953e-02 -8.278741e-02 -8.381729e-03 1.701599e-02 2.830256e-02 2.382430e-02 1.995607e-02 1.960465e-02 3.194383e-02 2.352271e-02 2.056979e-01 6.183316e-02 3.045923e-02 1.630995e-02 9.364872e-04 -2.720737e-02 -2.839105e-03 -1.677212e-02 7.091150e-04 -3.336299e-03 -1.648932e-02 -8.864650e-03 -1.323880e-02 -2.592749e-02
<VARIANCE> 39
 7.316186e-01 5.223854e-01 6.489775e-01 4.762715e-01 5.536023e-01 4.792673e-01 4.306189e-01 3.866009e-01 3.406666e-01 2.930743e-01 1.920098e-01 1.576966e-01 3.413381e-01 6.204758e-02 3.852969e-02 4.578865e-02 4.227468e-02 4.860989e-02 4.393805e-02 3.600610e-02 3.651496e-02 3.307210e-02 2.702581e-02 1.981310e-02 1.540100e-02 5.590505e-02 8.383926e-03 8.145237e-03 8.449639e-03 8.136216e-03 8.876651e-03 8.653776e-03 7.372902e-03 7.899425e-03 6.861437e-03 5.731931e-03 4.171881e-03 3.267019e-03 8.203311e-03
<GCONST> -4.807199e+01
<STATE> 4
<NUMMIXES> 8
<MIXTURE> 1 1.250000e-01
<MEAN> 39
 -1.025495e+00 1.057094e-01 -1.304106e-01 9.029043e-02 3.076609e-01 6.012449e-02 1.929380e-01 -6.449433e-02 -5.090131e-03 5.869417e-02 7.191466e-02 1.282787e-01 2.385125e-01 1.199185e-01 -1.276162e-02 1.731392e-04 -3.280957e-02 -4.365312e-02 -1.834474e-03 -2.198227e-02 4.191256e-04 -5.440301e-03 -1.780196e-02 -5.130267e-03 -1.075685e-02 5.413715e-02 6.421527e-02 -5.662189e-04 -3.783315e-04 -1.159860e-02 -2.131954e-02 -7.960620e-03 -1.718261e-02 5.304153e-03 3.407250e-03 -2.477527e-03 -3.600080e-03 -9.167548e-03 9.285707e-03
<VARIANCE> 39
 1.010396e+00 5.840325e-01 4.986403e-01 4.291360e-01 4.585307e-01 3.757784e-01 3.324966e-01 2.817911e-01 2.424926e-01 1.907983e-01 1.474576e-01 1.177456e-01 2.733390e-01 5.993244e-02 3.143439e-02 2.789820e-02 3.051392e-02 3.266171e-02 3.029582e-02 2.676327e-02 2.704569e-02 2.372031e-02 1.935910e-02 1.472025e-02 1.083624e-02 2.894528e-02 5.821938e-03 4.785120e-03 4.503843e-03 4.694879e-03 4.961759e-03 4.903932e-03 4.525873e-03 4.743711e-03 4.167812e-03 3.411951e-03 2.728694e-03 2.016031e-03 4.538766e-03
<GCONST> -6.169781e+01
<MIXTURE> 2 1.250000e-01
<MEAN> 39
 -1.025495e+00 1.057094e-01 -1.304106e-01 9.029043e-02 3.076609e-01 6.012449e-02 1.929380e-01 -6.449433e-02 -5.090131e-03 5.869417e-02 7.191466e-02 1.282787e-01 2.385125e-01 1.199185e-01 -1.276162e-02 1.731392e-04 -3.280957e-02 -4.365312e-02 -1.834474e-03 -2.198227e-02 4.191256e-04 -5.440301e-03 -1.780196e-02 -5.130267e-03 -1.075685e-02 5.413715e-02 6.421527e-02 -5.662189e-04 -3.783315e-04 -1.159860e-02 -2.131954e-02 -7.960620e-03 -1.718261e-02 5.304153e-03 3.407250e-03 -2.477527e-03 -3.600080e-03 -9.167548e-03 9.285707e-03
<VARIANCE> 39
 1.010396e+00 5.840325e-01 4.986403e-01 4.291360e-01 4.585307e-01 3.757784e-01 3.324966e-01 2.817911e-01 2.424926e-01 1.907983e-01 1.474576e-01 1.177456e-01 2.733390e-01 5.993244e-02 3.143439e-02 2.789820e-02 3.051392e-02 3.266171e-02 3.029582e-02 2.676327e-02 2.704569e-02 2.372031e-02 1.935910e-02 1.472025e-02 1.083624e-02 2.894528e-02 5.821938e-03 4.785120e-03 4.503843e-03 4.694879e-03 4.961759e-03 4.903932e-03 4.525873e-03 4.743711e-03 4.167812e-03 3.411951e-03 2.728694e-03 2.016031e-03 4.538766e-03
<GCONST> -6.169781e+01
<MIXTURE> 3 1.250000e-01
<MEAN> 39
 -1.025495e+00 1.057094e-01 -1.304106e-01 9.029043e-02 3.076609e-01 6.012449e-02 1.929380e-01 -6.449433e-02 -5.090131e-03 5.869417e-02 7.191466e-02 1.282787e-01 2.385125e-01 1.199185e-01 -1.276162e-02 1.731392e-04 -3.280957e-02 -4.365312e-02 -1.834474e-03 -2.198227e-02 4.191256e-04 -5.440301e-03 -1.780196e-02 -5.130267e-03 -1.075685e-02 5.413715e-02 6.421527e-02 -5.662189e-04 -3.783315e-04 -1.159860e-02 -2.131954e-02 -7.960620e-03 -1.718261e-02 5.304153e-03 3.407250e-03 -2.477527e-03 -3.600080e-03 -9.167548e-03 9.285707e-03
<VARIANCE> 39
 1.010396e+00 5.840325e-01 4.986403e-01 4.291360e-01 4.585307e-01 3.757784e-01 3.324966e-01 2.817911e-01 2.424926e-01 1.907983e-01 1.474576e-01 1.177456e-01 2.733390e-01 5.993244e-02 3.143439e-02 2.789820e-02 3.051392e-02 3.266171e-02 3.029582e-02 2.676327e-02 2.704569e-02 2.372031e-02 1.935910e-02 1.472025e-02 1.083624e-02 2.894528e-02 5.821938e-03 4.785120e-03 4.503843e-03 4.694879e-03 4.961759e-03 4.903932e-03 4.525873e-03 4.743711e-03 4.167812e-03 3.411951e-03 2.728694e-03 2.016031e-03 4.538766e-03
<GCONST> -6.169781e+01
<MIXTURE> 4 1.250000e-01
<MEAN> 39
 -1.025495e+00 1.057094e-01 -1.304106e-01 9.029043e-02 3.076609e-01 6.012449e-02 1.929380e-01 -6.449433e-02 -5.090131e-03 5.869417e-02 7.191466e-02 1.282787e-01 2.385125e-01 1.199185e-01 -1.276162e-02 1.731392e-04 -3.280957e-02 -4.365312e-02 -1.834474e-03 -2.198227e-02 4.191256e-04 -5.440301e-03 -1.780196e-02 -5.130267e-03 -1.075685e-02 5.413715e-02 6.421527e-02 -5.662189e-04 -3.783315e-04 -1.159860e-02 -2.131954e-02 -7.960620e-03 -1.718261e-02 5.304153e-03 3.407250e-03 -2.477527e-03 -3.600080e-03 -9.167548e-03 9.285707e-03
<VARIANCE> 39
 1.010396e+00 5.840325e-01 4.986403e-01 4.291360e-01 4.585307e-01 3.757784e-01 3.324966e-01 2.817911e-01 2.424926e-01 1.907983e-01 1.474576e-01 1.177456e-01 2.733390e-01 5.993244e-02 3.143439e-02 2.789820e-02 3.051392e-02 3.266171e-02 3.029582e-02 2.676327e-02 2.704569e-02 2.372031e-02 1.935910e-02 1.472025e-02 1.083624e-02 2.894528e-02 5.821938e-03 4.785120e-03 4.503843e-03 4.694879e-03 4.961759e-03 4.903932e-03 4.525873e-03 4.743711e-03 4.167812e-03 3.411951e-03 2.728694e-03 2.016031e-03 4.538766e-03
<GCONST> -6.169781e+01
<MIXTURE> 5 1.250000e-01
<MEAN> 39
 -1.025495e+00 1.057094e-01 -1.304106e-01 9.029043e-02 3.076609e-01 6.012449e-02 1.929380e-01 -6.449433e-02 -5.090131e-03 5.869417e-02 7.191466e-02 1.282787e-01 2.385125e-01 1.199185e-01 -1.276162e-02 1.731392e-04 -3.280957e-02 -4.365312e-02 -1.834474e-03 -2.198227e-02 4.191256e-04 -5.440301e-03 -1.780196e-02 -5.130267e-03 -1.075685e-02 5.413715e-02 6.421527e-02 -5.662189e-04 -3.783315e-04 -1.159860e-02 -2.131954e-02 -7.960620e-03 -1.718261e-02 5.304153e-03 3.407250e-03 -2.477527e-03 -3.600080e-03 -9.167548e-03 9.285707e-03
<VARIANCE> 39
 1.010396e+00 5.840325e-01 4.986403e-01 4.291360e-01 4.585307e-01 3.757784e-01 3.324966e-01 2.817911e-01 2.424926e-01 1.907983e-01 1.474576e-01 1.177456e-01 2.733390e-01 5.993244e-02 3.143439e-02 2.789820e-02 3.051392e-02 3.266171e-02 3.029582e-02 2.676327e-02 2.704569e-02 2.372031e-02 1.935910e-02 1.472025e-02 1.083624e-02 2.894528e-02 5.821938e-03 4.785120e-03 4.503843e-03 4.694879e-03 4.961759e-03 4.903932e-03 4.525873e-03 4.743711e-03 4.167812e-03 3.411951e-03 2.728694e-03 2.016031e-03 4.538766e-03
<GCONST> -6.169781e+01
<MIXTURE> 6 1.250000e-01
<MEAN> 39
 -1.025495e+00 1.057094e-01 -1.304106e-01 9.029043e-02 3.076609e-01 6.012449e-02 1.929380e-01 -6.449433e-02 -5.090131e-03 5.869417e-02 7.191466e-02 1.282787e-01 2.385125e-01 1.199185e-01 -1.276162e-02 1.731392e-04 -3.280957e-02 -4.365312e-02 -1.834474e-03 -2.198227e-02 4.191256e-04 -5.440301e-03 -1.780196e-02 -5.130267e-03 -1.075685e-02 5.413715e-02 6.421527e-02 -5.662189e-04 -3.783315e-04 -1.159860e-02 -2.131954e-02 -7.960620e-03 -1.718261e-02 5.304153e-03 3.407250e-03 -2.477527e-03 -3.600080e-03 -9.167548e-03 9.285707e-03
<VARIANCE> 39
 1.010396e+00 5.840325e-01 4.986403e-01 4.291360e-01 4.585307e-01 3.757784e-01 3.324966e-01 2.817911e-01 2.424926e-01 1.907983e-01 1.474576e-01 1.177456e-01 2.733390e-01 5.993244e-02 3.143439e-02 2.789820e-02 3.051392e-02 3.266171e-02 3.029582e-02 2.676327e-02 2.704569e-02 2.372031e-02 1.935910e-02 1.472025e-02 1.083624e-02 2.894528e-02 5.821938e-03 4.785120e-03 4.503843e-03 4.694879e-03 4.961759e-03 4.903932e-03 4.525873e-03 4.743711e-03 4.167812e-03 3.411951e-03 2.728694e-03 2.016031e-03 4.538766e-03
<GCONST> -6.169781e+01
<MIXTURE> 7 1.250000e-01
<MEAN> 39
 -1.025495e+00 1.057094e-01 -1.304106e-01 9.029043e-02 3.076609e-01 6.012449e-02 1.929380e-01 -6.449433e-02 -5.090131e-03 5.869417e-02 7.191466e-02 1.282787e-01 2.385125e-01 1.199185e-01 -1.276162e-02 1.731392e-04 -3.280957e-02 -4.365312e-02 -1.834474e-03 -2.198227e-02 4.191256e-04 -5.440301e-03 -1.780196e-02 -5.130267e-03 -1.075685e-02 5.413715e-02 6.421527e-02 -5.662189e-04 -3.783315e-04 -1.159860e-02 -2.131954e-02 -7.960620e-03 -1.718261e-02 5.304153e-03 3.407250e-03 -2.477527e-03 -3.600080e-03 -9.167548e-03 9.285707e-03
<VARIANCE> 39
 1.010396e+00 5.840325e-01 4.986403e-01 4.291360e-01 4.585307e-01 3.757784e-01 3.324966e-01 2.817911e-01 2.424926e-01 1.907983e-01 1.474576e-01 1.177456e-01 2.733390e-01 5.993244e-02 3.143439e-02 2.789820e-02 3.051392e-02 3.266171e-02 3.029582e-02 2.676327e-02 2.704569e-02 2.372031e-02 1.935910e-02 1.472025e-02 1.083624e-02 2.894528e-02 5.821938e-03 4.785120e-03 4.503843e-03 4.694879e-03 4.961759e-03 4.903932e-03 4.525873e-03 4.743711e-03 4.167812e-03 3.411951e-03 2.728694e-03 2.016031e-03 4.538766e-03
<GCONST> -6.169781e+01
<MIXTURE> 8 1.250000e-01
<MEAN> 39
 -1.025495e+00 1.057094e-01 -1.304106e-01 9.029043e-02 3.076609e-01 6.012449e-02 1.929380e-01 -6.449433e-02 -5.090131e-03 5.869417e-02 7.191466e-02 1.282787e-01 2.385125e-01 1.199185e-01 -1.276162e-02 1.731392e-04 -3.280957e-02 -4.365312e-02 -1.834474e-03 -2.198227e-02 4.191256e-04 -5.440301e-03 -1.780196e-02 -5.130267e-03 -1.075685e-02 5.413715e-02 6.421527e-02 -5.662189e-04 -3.783315e-04 -1.159860e-02 -2.131954e-02 -7.960620e-03 -1.718261e-02 5.304153e-03 3.407250e-03 -2.477527e-03 -3.600080e-03 -9.167548e-03 9.285707e-03
<VARIANCE> 39
 1.010396e+00 5.840325e-01 4.986403e-01 4.291360e-01 4.585307e-01 3.757784e-01 3.324966e-01 2.817911e-01 2.424926e-01 1.907983e-01 1.474576e-01 1.177456e-01 2.733390e-01 5.993244e-02 3.143439e-02 2.789820e-02 3.051392e-02 3.266171e-02 3.029582e-02 2.676327e-02 2.704569e-02 2.372031e-02 1.935910e-02 1.472025e-02 1.083624e-02 2.894528e-02 5.821938e-03 4.785120e-03 4.503843e-03 4.694879e-03 4.961759e-03 4.903932e-03 4.525873e-03 4.743711e-03 4.167812e-03 3.411951e-03 2.728694e-03 2.016031e-03 4.538766e-03
<GCONST> -6.169781e+01
<STATE> 5
<NUMMIXES> 8
<MIXTURE> 1 1.250000e-01
<MEAN> 39
 5.981392e-01 1.142338e-01 -1.297663e-01 -3.234389e-01 -1.992011e-01 1.664774e-03 -2.102352e-01 -1.889003e-01 -8.165606e-02 1.697305e-02 8.783307e-02 -3.560897e-02 5.799890e-01 1.941293e-01 -1.067292e-01 -6.639259e-02 -1.295728e-01 -1.003180e-01 7.081886e-03 -5.268190e-02 8.666773e-02 6.429914e-02 1.692403e-02 2.474215e-02 -3.771817e-02 1.735968e-01 -6.839319e-02 -4.001452e-02 -6.250581e-03 1.412224e-02 2.465259e-02 1.461432e-02 2.405997e-02 2.449393e-02 1.575734e-02 7.256129e-03 -1.649477e-03 -3.503489e-04 -1.324530e-02
<VARIANCE> 39
 2.919395e-01 3.589839e-01 7.465739e-01 6.889653e-01 6.143584e-01 6.475732e-01 4.662665e-01 4.651119e-01 3.997175e-01 3.207367e-01 2.633773e-01 1.896418e-01 2.232110e-01 5.177929e-02 4.067928e-02 4.271898e-02 4.595393e-02 4.987938e-02 5.350566e-02 4.206936e-02 4.746203e-02 4.030670e-02 3.214432e-02 2.638905e-02 2.024652e-02 1.942535e-02 5.072929e-03 4.834442e-03 5.909811e-03 7.205137e-03 7.033133e-03 7.349868e-03 6.184442e-03 7.103344e-03 6.206008e-03 5.362352e-03 4.541077e-03 3.207131e-03 3.560656e-03
<GCONST> -5.057536e+01
<MIXTURE> 2 1.250000e-01
<MEAN> 39
 5.981392e-01 1.142338e-01 -1.297663e-01 -3.234389e-01 -1.992011e-01 1.664774e-03 -2.102352e-01 -1.889003e-01 -8.165606e-02 1.697305e-02 8.783307e-02 -3.560897e-02 5.799890e-01 1.941293e-01 -1.067292e-01 -6.639259e-02 -1.295728e-01 -1.003180e-01 7.081886e-03 -5.268190e-02 8.666773e-02 6.429914e-02 1.692403e-02 2.474215e-02 -3.771817e-02 1.735968e-01 -6.839319e-02 -4.001452e-02 -6.250581e-03 1.412224e-02 2.465259e-02 1.461432e-02 2.405997e-02 2.449393e-02 1.575734e-02 7.256129e-03 -1.649477e-03 -3.503489e-04 -1.324530e-02
<VARIANCE> 39
 2.919395e-01 3.589839e-01 7.465739e-01 6.889653e-01 6.143584e-01 6.475732e-01 4.662665e-01 4.651119e-01 3.997175e-01 3.207367e-01 2.633773e-01 1.896418e-01 2.232110e-01 5.177929e-02 4.067928e-02 4.271898e-02 4.595393e-02 4.987938e-02 5.350566e-02 4.206936e-02 4.746203e-02 4.030670e-02 3.214432e-02 2.638905e-02 2.024652e-02 1.942535e-02 5.072929e-03 4.834442e-03 5.909811e-03 7.205137e-03 7.033133e-03 7.349868e-03 6.184442e-03 7.103344e-03 6.206008e-03 5.362352e-03 4.541077e-03 3.207131e-03 3.560656e-03
<GCONST> -5.057536e+01
<MIXTURE> 3 1.250000e-01
<MEAN> 39
 5.981392e-01 1.142338e-01 -1.297663e-01 -3.234389e-01 -1.992011e-01 1.664774e-03 -2.102352e-01 -1.889003e-01 -8.165606e-02 1.697305e-02 8.783307e-02 -3.560897e-02 5.799890e-01 1.941293e-01 -1.067292e-01 -6.639259e-02 -1.295728e-01 -1.003180e-01 7.081886e-03 -5.268190e-02 8.666773e-02 6.429914e-02 1.692403e-02 2.474215e-02 -3.771817e-02 1.735968e-01 -6.839319e-02 -4.001452e-02 -6.250581e-03 1.412224e-02 2.465259e-02 1.461432e-02 2.405997e-02 2.449393e-02 1.575734e-02 7.256129e-03 -1.649477e-03 -3.503489e-04 -1.324530e-02
<VARIANCE> 39
 2.919395e-01 3.589839e-01 7.465739e-01 6.889653e-01 6.143584e-01 6.475732e-01 4.662665e-01 4.651119e-01 3.997175e-01 3.207367e-01 2.633773e-01 1.896418e-01 2.232110e-01 5.177929e-02 4.067928e-02 4.271898e-02 4.595393e-02 4.987938e-02 5.350566e-02 4.206936e-02 4.746203e-02 4.030670e-02 3.214432e-02 2.638905e-02 2.024652e-02 1.942535e-02 5.072929e-03 4.834442e-03 5.909811e-03 7.205137e-03 7.033133e-03 7.349868e-03 6.184442e-03 7.103344e-03 6.206008e-03 5.362352e-03 4.541077e-03 3.207131e-03 3.560656e-03
<GCONST> -5.057536e+01
<MIXTURE> 4 1.250000e-01
<MEAN> 39
 5.981392e-01 1.142338e-01 -1.297663e-01 -3.234389e-01 -1.992011e-01 1.664774e-03 -2.102352e-01 -1.889003e-01 -8.165606e-02 1.697305e-02 8.783307e-02 -3.560897e-02 5.799890e-01 1.941293e-01 -1.067292e-01 -6.639259e-02 -1.295728e-01 -1.003180e-01 7.081886e-03 -5.268190e-02 8.666773e-02 6.429914e-02 1.692403e-02 2.474215e-02 -3.771817e-02 1.735968e-01 -6.839319e-02 -4.001452e-02 -6.250581e-03 1.412224e-02 2.465259e-02 1.461432e-02 2.405997e-02 2.449393e-02 1.575734e-02 7.256129e-03 -1.649477e-03 -3.503489e-04 -1.324530e-02
<VARIANCE> 39
 2.919395e-01 3.589839e-01 7.465739e-01 6.889653e-01 6.143584e-01 6.475732e-01 4.662665e-01 4.651119e-01 3.997175e-01 3.207367e-01 2.633773e-01 1.896418e-01 2.232110e-01 5.177929e-02 4.067928e-02 4.271898e-02 4.595393e-02 4.987938e-02 5.350566e-02 4.206936e-02 4.746203e-02 4.030670e-02 3.214432e-02 2.638905e-02 2.024652e-02 1.942535e-02 5.072929e-03 4.834442e-03 5.909811e-03 7.205137e-03 7.033133e-03 7.349868e-03 6.184442e-03 7.103344e-03 6.206008e-03 5.362352e-03 4.541077e-03 3.207131e-03 3.560656e-03
<GCONST> -5.057536e+01
<MIXTURE> 5 1.250000e-01
<MEAN> 39
 5.981392e-01 1.142338e-01 -1.297663e-01 -3.234389e-01 -1.992011e-01 1.664774e-03 -2.102352e-01 -1.889003e-01 -8.165606e-02 1.697305e-02 8.783307e-02 -3.560897e-02 5.799890e-01 1.941293e-01 -1.067292e-01 -6.639259e-02 -1.295728e-01 -1.003180e-01 7.081886e-03 -5.268190e-02 8.666773e-02 6.429914e-02 1.692403e-02 2.474215e-02 -3.771817e-02 1.735968e-01 -6.839319e-02 -4.001452e-02 -6.250581e-03 1.412224e-02 2.465259e-02 1.461432e-02 2.405997e-02 2.449393e-02 1.575734e-02 7.256129e-03 -1.649477e-03 -3.503489e-04 -1.324530e-02
<VARIANCE> 39
 2.919395e-01 3.589839e-01 7.465739e-01 6.889653e-01 6.143584e-01 6.475732e-01 4.662665e-01 4.651119e-01 3.997175e-01 3.207367e-01 2.633773e-01 1.896418e-01 2.232110e-01 5.177929e-02 4.067928e-02 4.271898e-02 4.595393e-02 4.987938e-02 5.350566e-02 4.206936e-02 4.746203e-02 4.030670e-02 3.214432e-02 2.638905e-02 2.024652e-02 1.942535e-02 5.072929e-03 4.834442e-03 5.909811e-03 7.205137e-03 7.033133e-03 7.349868e-03 6.184442e-03 7.103344e-03 6.206008e-03 5.362352e-03 4.541077e-03 3.207131e-03 3.560656e-03
<GCONST> -5.057536e+01
<MIXTURE> 6 1.250000e-01
<MEAN> 39
 5.981392e-01 1.142338e-01 -1.297663e-01 -3.234389e-01 -1.992011e-01 1.664774e-03 -2.102352e-01 -1.889003e-01 -8.165606e-02 1.697305e-02 8.783307e-02 -3.560897e-02 5.799890e-01 1.941293e-01 -1.067292e-01 -6.639259e-02 -1.295728e-01 -1.003180e-01 7.081886e-03 -5.268190e-02 8.666773e-02 6.429914e-02 1.692403e-02 2.474215e-02 -3.771817e-02 1.735968e-01 -6.839319e-02 -4.001452e-02 -6.250581e-03 1.412224e-02 2.465259e-02 1.461432e-02 2.405997e-02 2.449393e-02 1.575734e-02 7.256129e-03 -1.649477e-03 -3.503489e-04 -1.324530e-02
<VARIANCE> 39
 2.919395e-01 3.589839e-01 7.465739e-01 6.889653e-01 6.143584e-01 6.475732e-01 4.662665e-01 4.651119e-01 3.997175e-01 3.207367e-01 2.633773e-01 1.896418e-01 2.232110e-01 5.177929e-02 4.067928e-02 4.271898e-02 4.595393e-02 4.987938e-02 5.350566e-02 4.206936e-02 4.746203e-02 4.030670e-02 3.214432e-02 2.638905e-02 2.024652e-02 1.942535e-02 5.072929e-03 4.834442e-03 5.909811e-03 7.205137e-03 7.033133e-03 7.349868e-03 6.184442e-03 7.103344e-03 6.206008e-03 5.362352e-03 4.541077e-03 3.207131e-03 3.560656e-03
<GCONST> -5.057536e+01
<MIXTURE> 7 1.250000e-01
<MEAN> 39
 5.981392e-01 1.142338e-01 -1.297663e-01 -3.234389e-01 -1.992011e-01 1.664774e-03 -2.102352e-01 -1.889003e-01 -8.165606e-02 1.697305e-02 8.783307e-02 -3.560897e-02 5.799890e-01 1.941293e-01 -1.067292e-01 -6.639259e-02 -1.295728e-01 -1.003180e-01 7.081886e-03 -5.268190e-02 8.666773e-02 6.429914e-02 1.692403e-02 2.474215e-02 -3.771817e-02 1.735968e-01 -6.839319e-02 -4.001452e-02 -6.250581e-03 1.412224e-02 2.465259e-02 1.461432e-02 2.405997e-02 2.449393e-02 1.575734e-02 7.256129e-03 -1.649477e-03 -3.503489e-04 -1.324530e-02
<VARIANCE> 39
 2.919395e-01 3.589839e-01 7.465739e-01 6.889653e-01 6.143584e-01 6.475732e-01 4.662665e-01 4.651119e-01 3.997175e-01 3.207367e-01 2.633773e-01 1.896418e-01 2.232110e-01 5.177929e-02 4.067928e-02 4.271898e-02 4.595393e-02 4.987938e-02 5.350566e-02 4.206936e-02 4.746203e-02 4.030670e-02 3.214432e-02 2.638905e-02 2.024652e-02 1.942535e-02 5.072929e-03 4.834442e-03 5.909811e-03 7.205137e-03 7.033133e-03 7.349868e-03 6.184442e-03 7.103344e-03 6.206008e-03 5.362352e-03 4.541077e-03 3.207131e-03 3.560656e-03
<GCONST> -5.057536e+01
<MIXTURE> 8 1.250000e-01
<MEAN> 39
 5.981392e-01 1.142338e-01 -1.297663e-01 -3.234389e-01 -1.992011e-01 1.664774e-03 -2.102352e-01 -1.889003e-01 -8.165606e-02 1.697305e-02 8.783307e-02 -3.560897e-02 5.799890e-01 1.941293e-01 -1.067292e-01 -6.639259e-02 -1.295728e-01 -1.003180e-01 7.081886e-03 -5.268190e-02 8.666773e-02 6.429914e-02 1.692403e-02 2.474215e-02 -3.771817e-02 1.735968e-01 -6.839319e-02 -4.001452e-02 -6.250581e-03 1.412224e-02 2.465259e-02 1.461432e-02 2.405997e-02 2.449393e-02 1.575734e-02 7.256129e-03 -1.649477e-03 -3.503489e-04 -1.324530e-02
<VARIANCE> 39
 2.919395e-01 3.589839e-01 7.465739e-01 6.889653e-01 6.143584e-01 6.475732e-01 4.662665e-01 4.651119e-01 3.997175e-01 3.207367e-01 2.633773e-01 1.896418e-01 2.232110e-01 5.177929e-02 4.067928e-02 4.271898e-02 4.595393e-02 4.987938e-02 5.350566e-02 4.206936e-02 4.746203e-02 4.030670e-02 3.214432e-02 2.638905e-02 2.024652e-02 1.942535e-02 5.072929e-03 4.834442e-03 5.909811e-03 7.205137e-03 7.033133e-03 7.349868e-03 6.184442e-03 7.103344e-03 6.206008e-03 5.362352e-03 4.541077e-03 3.207131e-03 3.560656e-03
<GCONST> -5.057536e+01
<STATE> 6
<NUMMIXES> 8
<MIXTURE> 1 1.250000e-01
<MEAN> 39
 6.280586e-01 -5.574659e-01 -3.773017e-01 -4.766844e-01 -2.139597e-01 4.787871e-02 -1.373369e-01 2.926924e-01 1.989407e-01 7.814687e-02 8.774436e-02 -1.526906e-01 1.036594e+00 -2.446635e-02 -1.254855e-01 8.104999e-03 -2.497919e-02 -1.896328e-02 2.766270e-02 4.774876e-02 7.013331e-02 2.075384e-02 -2.290407e-02 -1.715235e-02 -3.917226e-03 9.079465e-02 -3.274301e-02 4.704680e-02 2.382493e-02 3.081767e-02 1.898419e-02 -6.011035e-05 6.744419e-03 -4.062975e-02 -2.837093e-02 -7.837498e-03 -2.616387e-03 1.347393e-02 -5.275229e-02
<VARIANCE> 39
 1.908876e-01 3.497370e-01 6.940579e-01 5.878442e-01 6.790209e-01 8.523159e-01 5.515827e-01 5.306171e-01 4.447449e-01 3.656368e-01 3.047100e-01 2.484908e-01 1.727969e-01 1.236963e-02 2.047766e-02 3.399137e-02 3.419803e-02 4.210388e-02 4.549770e-02 3.743825e-02 4.199814e-02 3.214225e-02 2.726741e-02 2.342534e-02 2.010429e-02 8.389408e-03 3.701573e-03 3.129255e-03 4.517455e-03 5.481484e-03 7.076696e-03 7.518592e-03 6.921425e-03 7.204332e-03 6.059562e-03 5.344756e-03 4.582128e-03 3.755830e-03 1.807628e-03
<GCONST> -5.642972e+01
<MIXTURE> 2 1.250000e-01
<MEAN> 39
 6.280586e-01 -5.574659e-01 -3.773017e-01 -4.766844e-01 -2.139597e-01 4.787871e-02 -1.373369e-01 2.926924e-01 1.989407e-01 7.814687e-02 8.774436e-02 -1.526906e-01 1.036594e+00 -2.446635e-02 -1.254855e-01 8.104999e-03 -2.497919e-02 -1.896328e-02 2.766270e-02 4.774876e-02 7.013331e-02 2.075384e-02 -2.290407e-02 -1.715235e-02 -3.917226e-03 9.079465e-02 -3.274301e-02 4.704680e-02 2.382493e-02 3.081767e-02 1.898419e-02 -6.011035e-05 6.744419e-03 -4.062975e-02 -2.837093e-02 -7.837498e-03 -2.616387e-03 1.347393e-02 -5.275229e-02
<VARIANCE> 39
 1.908876e-01 3.497370e-01 6.940579e-01 5.878442e-01 6.790209e-01 8.523159e-01 5.515827e-01 5.306171e-01 4.447449e-01 3.656368e-01 3.047100e-01 2.484908e-01 1.727969e-01 1.236963e-02 2.047766e-02 3.399137e-02 3.419803e-02 4.210388e-02 4.549770e-02 3.743825e-02 4.199814e-02 3.214225e-02 2.726741e-02 2.342534e-02 2.010429e-02 8.389408e-03 3.701573e-03 3.129255e-03 4.517455e-03 5.481484e-03 7.076696e-03 7.518592e-03 6.921425e-03 7.204332e-03 6.059562e-03 5.344756e-03 4.582128e-03 3.755830e-03 1.807628e-03
<GCONST> -5.642972e+01
<MIXTURE> 3 1.250000e-01
<MEAN> 39
 6.280586e-01 -5.574659e-01 -3.773017e-01 -4.766844e-01 -2.139597e-01 4.787871e-02 -1.373369e-01 2.926924e-01 1.989407e-01 7.814687e-02 8.774436e-02 -1.526906e-01 1.036594e+00 -2.446635e-02 -1.254855e-01 8.104999e-03 -2.497919e-02 -1.896328e-02 2.766270e-02 4.774876e-02 7.013331e-02 2.075384e-02 -2.290407e-02 -1.715235e-02 -3.917226e-03 9.079465e-02 -3.274301e-02 4.704680e-02 2.382493e-02 3.081767e-02 1.898419e-02 -6.011035e-05 6.744419e-03 -4.062975e-02 -2.837093e-02 -7.837498e-03 -2.616387e-03 1.347393e-02 -5.275229e-02
<VARIANCE> 39
 1.908876e-01 3.497370e-01 6.940579e-01 5.878442e-01 6.790209e-01 8.523159e-01 5.515827e-01 5.306171e-01 4.447449e-01 3.656368e-01 3.047100e-01 2.484908e-01 1.727969e-01 1.236963e-02 2.047766e-02 3.399137e-02 3.419803e-02 4.210388e-02 4.549770e-02 3.743825e-02 4.199814e-02 3.214225e-02 2.726741e-02 2.342534e-02 2.010429e-02 8.389408e-03 3.701573e-03 3.129255e-03 4.517455e-03 5.481484e-03 7.076696e-03 7.518592e-03 6.921425e-03 7.204332e-03 6.059562e-03 5.344756e-03 4.582128e-03 3.755830e-03 1.807628e-03
<GCONST> -5.642972e+01
<MIXTURE> 4 1.250000e-01
<MEAN> 39
 6.280586e-01 -5.574659e-01 -3.773017e-01 -4.766844e-01 -2.139597e-01 4.787871e-02 -1.373369e-01 2.926924e-01 1.989407e-01 7.814687e-02 8.774436e-02 -1.526906e-01 1.036594e+00 -2.446635e-02 -1.254855e-01 8.104999e-03 -2.497919e-02 -1.896328e-02 2.766270e-02 4.774876e-02 7.013331e-02 2.075384e-02 -2.290407e-02 -1.715235e-02 -3.917226e-03 9.079465e-02 -3.274301e-02 4.704680e-02 2.382493e-02 3.081767e-02 1.898419e-02 -6.011035e-05 6.744419e-03 -4.062975e-02 -2.837093e-02 -7.837498e-03 -2.616387e-03 1.347393e-02 -5.275229e-02
<VARIANCE> 39
 1.908876e-01 3.497370e-01 6.940579e-01 5.878442e-01 6.790209e-01 8.523159e-01 5.515827e-01 5.306171e-01 4.447449e-01 3.656368e-01 3.047100e-01 2.484908e-01 1.727969e-01 1.236963e-02 2.047766e-02 3.399137e-02 3.419803e-02 4.210388e-02 4.549770e-02 3.743825e-02 4.199814e-02 3.214225e-02 2.726741e-02 2.342534e-02 2.010429e-02 8.389408e-03 3.701573e-03 3.129255e-03 4.517455e-03 5.481484e-03 7.076696e-03 7.518592e-03 6.921425e-03 7.204332e-03 6.059562e-03 5.344756e-03 4.582128e-03 3.755830e-03 1.807628e-03
<GCONST> -5.642972e+01
<MIXTURE> 5 1.250000e-01
<MEAN> 39
 6.280586e-01 -5.574659e-01 -3.773017e-01 -4.766844e-01 -2.139597e-01 4.787871e-02 -1.373369e-01 2.926924e-01 1.989407e-01 7.814687e-02 8.774436e-02 -1.526906e-01 1.036594e+00 -2.446635e-02 -1.254855e-01 8.104999e-03 -2.497919e-02 -1.896328e-02 2.766270e-02 4.774876e-02 7.013331e-02 2.075384e-02 -2.290407e-02 -1.715235e-02 -3.917226e-03 9.079465e-02 -3.274301e-02 4.704680e-02 2.382493e-02 3.081767e-02 1.898419e-02 -6.011035e-05 6.744419e-03 -4.062975e-02 -2.837093e-02 -7.837498e-03 -2.616387e-03 1.347393e-02 -5.275229e-02
<VARIANCE> 39
 1.908876e-01 3.497370e-01 6.940579e-01 5.878442e-01 6.790209e-01 8.523159e-01 5.515827e-01 5.306171e-01 4.447449e-01 3.656368e-01 3.047100e-01 2.484908e-01 1.727969e-01 1.236963e-02 2.047766e-02 3.399137e-02 3.419803e-02 4.210388e-02 4.549770e-02 3.743825e-02 4.199814e-02 3.214225e-02 2.726741e-02 2.342534e-02 2.010429e-02 8.389408e-03 3.701573e-03 3.129255e-03 4.517455e-03 5.481484e-03 7.076696e-03 7.518592e-03 6.921425e-03 7.204332e-03 6.059562e-03 5.344756e-03 4.582128e-03 3.755830e-03 1.807628e-03
<GCONST> -5.642972e+01
<MIXTURE> 6 1.250000e-01
<MEAN> 39
 6.280586e-01 -5.574659e-01 -3.773017e-01 -4.766844e-01 -2.139597e-01 4.787871e-02 -1.373369e-01 2.926924e-01 1.989407e-01 7.814687e-02 8.774436e-02 -1.526906e-01 1.036594e+00 -2.446635e-02 -1.254855e-01 8.104999e-03 -2.497919e-02 -1.896328e-02 2.766270e-02 4.774876e-02 7.013331e-02 2.075384e-02 -2.290407e-02 -1.715235e-02 -3.917226e-03 9.079465e-02 -3.274301e-02 4.704680e-02 2.382493e-02 3.081767e-02 1.898419e-02 -6.011035e-05 6.744419e-03 -4.062975e-02 -2.837093e-02 -7.837498e-03 -2.616387e-03 1.347393e-02 -5.275229e-02
<VARIANCE> 39
 1.908876e-01 3.497370e-01 6.940579e-01 5.878442e-01 6.790209e-01 8.523159e-01 5.515827e-01 5.306171e-01 4.447449e-01 3.656368e-01 3.047100e-01 2.484908e-01 1.727969e-01 1.236963e-02 2.047766e-02 3.399137e-02 3.419803e-02 4.210388e-02 4.549770e-02 3.743825e-02 4.199814e-02 3.214225e-02 2.726741e-02 2.342534e-02 2.010429e-02 8.389408e-03 3.701573e-03 3.129255e-03 4.517455e-03 5.481484e-03 7.076696e-03 7.518592e-03 6.921425e-03 7.204332e-03 6.059562e-03 5.344756e-03 4.582128e-03 3.755830e-03 1.807628e-03
<GCONST> -5.642972e+01
<MIXTURE> 7 1.250000e-01
<MEAN> 39
 6.280586e-01 -5.574659e-01 -3.773017e-01 -4.766844e-01 -2.139597e-01 4.787871e-02 -1.373369e-01 2.926924e-01 1.989407e-01 7.814687e-02 8.774436e-02 -1.526906e-01 1.036594e+00 -2.446635e-02 -1.254855e-01 8.104999e-03 -2.497919e-02 -1.896328e-02 2.766270e-02 4.774876e-02 7.013331e-02 2.075384e-02 -2.290407e-02 -1.715235e-02 -3.917226e-03 9.079465e-02 -3.274301e-02 4.704680e-02 2.382493e-02 3.081767e-02 1.898419e-02 -6.011035e-05 6.744419e-03 -4.062975e-02 -2.837093e-02 -7.837498e-03 -2.616387e-03 1.347393e-02 -5.275229e-02
<VARIANCE> 39
 1.908876e-01 3.497370e-01 6.940579e-01 5.878442e-01 6.790209e-01 8.523159e-01 5.515827e-01 5.306171e-01 4.447449e-01 3.656368e-01 3.047100e-01 2.484908e-01 1.727969e-01 1.236963e-02 2.047766e-02 3.399137e-02 3.419803e-02 4.210388e-02 4.549770e-02 3.743825e-02 4.199814e-02 3.214225e-02 2.726741e-02 2.342534e-02 2.010429e-02 8.389408e-03 3.701573e-03 3.129255e-03 4.517455e-03 5.481484e-03 7.076696e-03 7.518592e-03 6.921425e-03 7.204332e-03 6.059562e-03 5.344756e-03 4.582128e-03 3.755830e-03 1.807628e-03
<GCONST> -5.642972e+01
<MIXTURE> 8 1.250000e-01
<MEAN> 39
 6.280586e-01 -5.574659e-01 -3.773017e-01 -4.766844e-01 -2.139597e-01 4.787871e-02 -1.373369e-01 2.926924e-01 1.989407e-01 7.814687e-02 8.774436e-02 -1.526906e-01 1.036594e+00 -2.446635e-02 -1.254855e-01 8.104999e-03 -2.497919e-02 -1.896328e-02 2.766270e-02 4.774876e-02 7.013331e-02 2.075384e-02 -2.290407e-02 -1.715235e-02 -3.917226e-03 9.079465e-02 -3.274301e-02 4.704680e-02 2.382493e-02 3.081767e-02 1.898419e-02 -6.011035e-05 6.744419e-03 -4.062975e-02 -2.837093e-02 -7.837498e-03 -2.616387e-03 1.347393e-02 -5.275229e-02
<VARIANCE> 39
 1.908876e-01 3.497370e-01 6.940579e-01 5.878442e-01 6.790209e-01 8.523159e-01 5.515827e-01 5.306171e-01 4.447449e-01 3.656368e-01 3.047100e-01 2.484908e-01 1.727969e-01 1.236963e-02 2.047766e-02 3.399137e-02 3.419803e-02 4.210388e-02 4.549770e-02 3.743825e-02 4.199814e-02 3.214225e-02 2.726741e-02 2.342534e-02 2.010429e-02 8.389408e-03 3.701573e-03 3.129255e-03 4.517455e-03 5.481484e-03 7.076696e-03 7.518592e-03 6.921425e-03 7.204332e-03 6.059562e-03 5.344756e-03 4.582128e-03 3.755830e-03 1.807628e-03
<GCONST> -5.642972e+01
<STATE> 7
<NUMMIXES> 8
<MIXTURE> 1 1.250000e-01
<MEAN> 39
 5.527899e-01 -5.347480e-01 -2.996866e-01 -4.945981e-01 -1.715164e-01 2.952105e-01 -1.311275e-02 1.103741e-01 1.179067e-01 -5.037420e-02 5.684749e-02 -8.289541e-02 9.653380e-01 4.526520e-03 1.369770e-02 8.643845e-03 1.243798e-02 -1.196701e-04 -1.417617e-02 -1.179639e-02 -5.341181e-04 -1.342203e-03 -3.146740e-03 -2.237398e-03 2.809334e-03 -1.916355e-02 1.108803e-03 1.928703e-02 6.651369e-03 1.348964e-02 -7.007698e-04 -1.335205e-02 -4.687170e-03 -4.957485e-03 -3.814631e-03 2.177062e-03 -1.679772e-03 -5.866113e-04 -1.906390e-02
<VARIANCE> 39
 1.838375e-01 4.863400e-01 8.108274e-01 6.541871e-01 7.585035e-01 8.219650e-01 5.770160e-01 5.608910e-01 4.193429e-01 3.206159e-01 2.686474e-01 2.136224e-01 2.035486e-01 3.859518e-03 9.014287e-03 1.320034e-02 1.525539e-02 1.773644e-02 1.926353e-02 1.740237e-02 1.872488e-02 1.520751e-02 1.283873e-02 1.100348e-02 9.091385e-03 3.243940e-03 8.785534e-04 1.812692e-03 1.948619e-03 2.479838e-03 2.994433e-03 2.908341e-03 2.957982e-03 3.265545e-03 2.677169e-03 2.250610e-03 1.919659e-03 1.620175e-03 1.069403e-03
<GCONST> -7.802789e+01
<MIXTURE> 2 1.250000e-01
<MEAN> 39
 5.527899e-01 -5.347480e-01 -2.996866e-01 -4.945981e-01 -1.715164e-01 2.952105e-01 -1.311275e-02 1.103741e-01 1.179067e-01 -5.037420e-02 5.684749e-02 -8.289541e-02 9.653380e-01 4.526520e-03 1.369770e-02 8.643845e-03 1.243798e-02 -1.196701e-04 -1.417617e-02 -1.179639e-02 -5.341181e-04 -1.342203e-03 -3.146740e-03 -2.237398e-03 2.809334e-03 -1.916355e-02 1.108803e-03 1.928703e-02 6.651369e-03 1.348964e-02 -7.007698e-04 -1.335205e-02 -4.687170e-03 -4.957485e-03 -3.814631e-03 2.177062e-03 -1.679772e-03 -5.866113e-04 -1.906390e-02
<VARIANCE> 39
 1.838375e-01 4.863400e-01 8.108274e-01 6.541871e-01 7.585035e-01 8.219650e-01 5.770160e-01 5.608910e-01 4.193429e-01 3.206159e-01 2.686474e-01 2.136224e-01 2.035486e-01 3.859518e-03 9.014287e-03 1.320034e-02 1.525539e-02 1.773644e-02 1.926353e-02 1.740237e-02 1.872488e-02 1.520751e-02 1.283873e-02 1.100348e-02 9.091385e-03 3.243940e-03 8.785534e-04 1.812692e-03 1.948619e-03 2.479838e-03 2.994433e-03 2.908341e-03 2.957982e-03 3.265545e-03 2.677169e-03 2.250610e-03 1.919659e-03 1.620175e-03 1.069403e-03
<GCONST> -7.802789e+01
<MIXTURE> 3 1.250000e-01
<MEAN> 39
 5.527899e-01 -5.347480e-01 -2.996866e-01 -4.945981e-01 -1.715164e-01 2.952105e-01 -1.311275e-02 1.103741e-01 1.179067e-01 -5.037420e-02 5.684749e-02 -8.289541e-02 9.653380e-01 4.526520e-03 1.369770e-02 8.643845e-03 1.243798e-02 -1.196701e-04 -1.417617e-02 -1.179639e-02 -5.341181e-04 -1.342203e-03 -3.146740e-03 -2.237398e-03 2.809334e-03 -1.916355e-02 1.108803e-03 1.928703e-02 6.651369e-03 1.348964e-02 -7.007698e-04 -1.335205e-02 -4.687170e-03 -4.957485e-03 -3.814631e-03 2.177062e-03 -1.679772e-03 -5.866113e-04 -1.906390e-02
<VARIANCE> 39
 1.838375e-01 4.863400e-01 8.108274e-01 6.541871e-01 7.585035e-01 8.219650e-01 5.770160e-01 5.608910e-01 4.193429e-01 3.206159e-01 2.686474e-01 2.136224e-01 2.035486e-01 3.859518e-03 9.014287e-03 1.320034e-02 1.525539e-02 1.773644e-02 1.926353e-02 1.740237e-02 1.872488e-02 1.520751e-02 1.283873e-02 1.100348e-02 9.091385e-03 3.243940e-03 8.785534e-04 1.812692e-03 1.948619e-03 2.479838e-03 2.994433e-03 2.908341e-03 2.957982e-03 3.265545e-03 2.677169e-03 2.250610e-03 1.919659e-03 1.620175e-03 1.069403e-03
<GCONST> -7.802789e+01
<MIXTURE> 4 1.250000e-01
<MEAN> 39
 5.527899e-01 -5.347480e-01 -2.996866e-01 -4.945981e-01 -1.715164e-01 2.952105e-01 -1.311275e-02 1.103741e-01 1.179067e-01 -5.037420e-02 5.684749e-02 -8.289541e-02 9.653380e-01 4.526520e-03 1.369770e-02 8.643845e-03 1.243798e-02 -1.196701e-04 -1.417617e-02 -1.179639e-02 -5.341181e-04 -1.342203e-03 -3.146740e-03 -2.237398e-03 2.809334e-03 -1.916355e-02 1.108803e-03 1.928703e-02 6.651369e-03 1.348964e-02 -7.007698e-04 -1.335205e-02 -4.687170e-03 -4.957485e-03 -3.814631e-03 2.177062e-03 -1.679772e-03 -5.866113e-04 -1.906390e-02
<VARIANCE> 39
 1.838375e-01 4.863400e-01 8.108274e-01 6.541871e-01 7.585035e-01 8.219650e-01 5.770160e-01 5.608910e-01 4.193429e-01 3.206159e-01 2.686474e-01 2.136224e-01 2.035486e-01 3.859518e-03 9.014287e-03 1.320034e-02 1.525539e-02 1.773644e-02 1.926353e-02 1.740237e-02 1.872488e-02 1.520751e-02 1.283873e-02 1.100348e-02 9.091385e-03 3.243940e-03 8.785534e-04 1.812692e-03 1.948619e-03 2.479838e-03 2.994433e-03 2.908341e-03 2.957982e-03 3.265545e-03 2.677169e-03 2.250610e-03 1.919659e-03 1.620175e-03 1.069403e-03
<GCONST> -7.802789e+01
<MIXTURE> 5 1.250000e-01
<MEAN> 39
 5.527899e-01 -5.347480e-01 -2.996866e-01 -4.945981e-01 -1.715164e-01 2.952105e-01 -1.311275e-02 1.103741e-01 1.179067e-01 -5.037420e-02 5.684749e-02 -8.289541e-02 9.653380e-01 4.526520e-03 1.369770e-02 8.643845e-03 1.243798e-02 -1.196701e-04 -1.417617e-02 -1.179639e-02 -5.341181e-04 -1.342203e-03 -3.146740e-03 -2.237398e-03 2.809334e-03 -1.916355e-02 1.108803e-03 1.928703e-02 6.651369e-03 1.348964e-02 -7.007698e-04 -1.335205e-02 -4.687170e-03 -4.957485e-03 -3.814631e-03 2.177062e-03 -1.679772e-03 -5.866113e-04 -1.906390e-02
<VARIANCE> 39
 1.838375e-01 4.863400e-01 8.108274e-01 6.541871e-01 7.585035e-01 8.219650e-01 5.770160e-01 5.608910e-01 4.193429e-01 3.206159e-01 2.686474e-01 2.136224e-01 2.035486e-01 3.859518e-03 9.014287e-03 1.320034e-02 1.525539e-02 1.773644e-02 1.926353e-02 1.740237e-02 1.872488e-02 1.520751e-02 1.283873e-02 1.100348e-02 9.091385e-03 3.243940e-03 8.785534e-04 1.812692e-03 1.948619e-03 2.479838e-03 2.994433e-03 2.908341e-03 2.957982e-03 3.265545e-03 2.677169e-03 2.250610e-03 1.919659e-03 1.620175e-03 1.069403e-03
<GCONST> -7.802789e+01
<MIXTURE> 6 1.250000e-01
<MEAN> 39
 5.527899e-01 -5.347480e-01 -2.996866e-01 -4.945981e-01 -1.715164e-01 2.952105e-01 -1.311275e-02 1.103741e-01 1.179067e-01 -5.037420e-02 5.684749e-02 -8.289541e-02 9.653380e-01 4.526520e-03 1.369770e-02 8.643845e-03 1.243798e-02 -1.196701e-04 -1.417617e-02 -1.179639e-02 -5.341181e-04 -1.342203e-03 -3.146740e-03 -2.237398e-03 2.809334e-03 -1.916355e-02 1.108803e-03 1.928703e-02 6.651369e-03 1.348964e-02 -7.007698e-04 -1.335205e-02 -4.687170e-03 -4.957485e-03 -3.814631e-03 2.177062e-03 -1.679772e-03 -5.866113e-04 -1.906390e-02
<VARIANCE> 39
 1.838375e-01 4.863400e-01 8.108274e-01 6.541871e-01 7.585035e-01 8.219650e-01 5.770160e-01 5.608910e-01 4.193429e-01 3.206159e-01 2.686474e-01 2.136224e-01 2.035486e-01 3.859518e-03 9.014287e-03 1.320034e-02 1.525539e-02 1.773644e-02 1.926353e-02 1.740237e-02 1.872488e-02 1.520751e-02 1.283873e-02 1.100348e-02 9.091385e-03 3.243940e-03 8.785534e-04 1.812692e-03 1.948619e-03 2.479838e-03 2.994433e-03 2.908341e-03 2.957982e-03 3.265545e-03 2.677169e-03 2.250610e-03 1.919659e-03 1.620175e-03 1.069403e-03
<GCONST> -7.802789e+01
<MIXTURE> 7 1.250000e-01
<MEAN> 39
 5.527899e-01 -5.347480e-01 -2.996866e-01 -4.945981e-01 -1.715164e-01 2.952105e-01 -1.311275e-02 1.103741e-01 1.179067e-01 -5.037420e-02 5.684749e-02 -8.289541e-02 9.653380e-01 4.526520e-03 1.369770e-02 8.643845e-03 1.243798e-02 -1.196701e-04 -1.417617e-02 -1.179639e-02 -5.341181e-04 -1.342203e-03 -3.146740e-03 -2.237398e-03 2.809334e-03 -1.916355e-02 1.108803e-03 1.928703e-02 6.651369e-03 1.348964e-02 -7.007698e-04 -1.335205e-02 -4.687170e-03 -4.957485e-03 -3.814631e-03 2.177062e-03 -1.679772e-03 -5.866113e-04 -1.906390e-02
<VARIANCE> 39
 1.838375e-01 4.863400e-01 8.108274e-01 6.541871e-01 7.585035e-01 8.219650e-01 5.770160e-01 5.608910e-01 4.193429e-01 3.206159e-01 2.686474e-01 2.136224e-01 2.035486e-01 3.859518e-03 9.014287e-03 1.320034e-02 1.525539e-02 1.773644e-02 1.926353e-02 1.740237e-02 1.872488e-02 1.520751e-02 1.283873e-02 1.100348e-02 9.091385e-03 3.243940e-03 8.785534e-04 1.812692e-03 1.948619e-03 2.479838e-03 2.994433e-03 2.908341e-03 2.957982e-03 3.265545e-03 2.677169e-03 2.250610e-03 1.919659e-03 1.620175e-03 1.069403e-03
<GCONST> -7.802789e+01
<MIXTURE> 8 1.250000e-01
<MEAN> 39
 5.527899e-01 -5.347480e-01 -2.996866e-01 -4.945981e-01 -1.715164e-01 2.952105e-01 -1.311275e-02 1.103741e-01 1.179067e-01 -5.037420e-02 5.684749e-02 -8.289541e-02 9.653380e-01 4.526520e-03 1.369770e-02 8.643845e-03 1.243798e-02 -1.196701e-04 -1.417617e-02 -1.179639e-02 -5.341181e-04 -1.342203e-03 -3.146740e-03 -2.237398e-03 2.809334e-03 -1.916355e-02 1.108803e-03 1.928703e-02 6.651369e-03 1.348964e-02 -7.007698e-04 -1.335205e-02 -4.687170e-03 -4.957485e-03 -3.814631e-03 2.177062e-03 -1.679772e-03 -5.866113e-04 -1.906390e-02
<VARIANCE> 39
 1.838375e-01 4.863400e-01 8.108274e-01 6.541871e-01 7.585035e-01 8.219650e-01 5.770160e-01 5.608910e-01 4.193429e-01 3.206159e-01 2.686474e-01 2.136224e-01 2.035486e-01 3.859518e-03 9.014287e-03 1.320034e-02 1.525539e-02 1.773644e-02 1.926353e-02 1.740237e-02 1.872488e-02 1.520751e-02 1.283873e-02 1.100348e-02 9.091385e-03 3.243940e-03 8.785534e-04 1.812692e-03 1.948619e-03 2.479838e-03 2.994433e-03 2.908341e-03 2.957982e-03 3.265545e-03 2.677169e-03 2.250610e-03 1.919659e-03 1.620175e-03 1.069403e-03
<GCONST> -7.802789e+01
<STATE> 8
<NUMMIXES> 8
<MIXTURE> 1 1.250000e-01
<MEAN> 39
 5.619589e-01 -5.188655e-01 -9.925679e-02 -2.956473e-01 -3.838468e-01 -1.727371e-01 -9.856847e-02 3.851550e-01 1.027558e-01 -6.196223e-02 5.743314e-02 -4.935725e-02 9.331099e-01 2.188962e-02 1.162490e-01 7.674056e-02 7.793459e-02 -2.651393e-02 -5.713889e-02 -2.986914e-02 -6.490713e-02 -4.305538e-02 1.646683e-02 -7.132122e-03 -3.510686e-03 -1.241623e-01 -7.697275e-03 4.187931e-02 3.706079e-03 2.917830e-02 3.024014e-02 1.092836e-02 -1.835037e-03 -4.510498e-02 -1.710982e-02 1.446271e-03 -9.604393e-03 -3.859103e-03 -4.801871e-02
<VARIANCE> 39
 1.733980e-01 3.513179e-01 7.475088e-01 5.504505e-01 6.713941e-01 7.499564e-01 5.428683e-01 5.327244e-01 4.626142e-01 3.509337e-01 2.820500e-01 2.279236e-01 1.926853e-01 9.027549e-03 1.641479e-02 2.725519e-02 2.607966e-02 3.448873e-02 3.174275e-02 3.180386e-02 3.273501e-02 3.055014e-02 2.337366e-02 1.951788e-02 1.620527e-02 1.027442e-02 2.159717e-03 2.549117e-03 4.189038e-03 4.647702e-03 5.562555e-03 5.620979e-03 5.501840e-03 5.456022e-03 5.273121e-03 4.401774e-03 3.491107e-03 2.932190e-03 1.814248e-03
<GCONST> -6.199290e+01
<MIXTURE> 2 1.250000e-01
<MEAN> 39
 5.619589e-01 -5.188655e-01 -9.925679e-02 -2.956473e-01 -3.838468e-01 -1.727371e-01 -9.856847e-02 3.851550e-01 1.027558e-01 -6.196223e-02 5.743314e-02 -4.935725e-02 9.331099e-01 2.188962e-02 1.162490e-01 7.674056e-02 7.793459e-02 -2.651393e-02 -5.713889e-02 -2.986914e-02 -6.490713e-02 -4.305538e-02 1.646683e-02 -7.132122e-03 -3.510686e-03 -1.241623e-01 -7.697275e-03 4.187931e-02 3.706079e-03 2.917830e-02 3.024014e-02 1.092836e-02 -1.835037e-03 -4.510498e-02 -1.710982e-02 1.446271e-03 -9.604393e-03 -3.859103e-03 -4.801871e-02
<VARIANCE> 39
 1.733980e-01 3.513179e-01 7.475088e-01 5.504505e-01 6.713941e-01 7.499564e-01 5.428683e-01 5.327244e-01 4.626142e-01 3.509337e-01 2.820500e-01 2.279236e-01 1.926853e-01 9.027549e-03 1.641479e-02 2.725519e-02 2.607966e-02 3.448873e-02 3.174275e-02 3.180386e-02 3.273501e-02 3.055014e-02 2.337366e-02 1.951788e-02 1.620527e-02 1.027442e-02 2.159717e-03 2.549117e-03 4.189038e-03 4.647702e-03 5.562555e-03 5.620979e-03 5.501840e-03 5.456022e-03 5.273121e-03 4.401774e-03 3.491107e-03 2.932190e-03 1.814248e-03
<GCONST> -6.199290e+01
<MIXTURE> 3 1.250000e-01
<MEAN> 39
 5.619589e-01 -5.188655e-01 -9.925679e-02 -2.956473e-01 -3.838468e-01 -1.727371e-01 -9.856847e-02 3.851550e-01 1.027558e-01 -6.196223e-02 5.743314e-02 -4.935725e-02 9.331099e-01 2.188962e-02 1.162490e-01 7.674056e-02 7.793459e-02 -2.651393e-02 -5.713889e-02 -2.986914e-02 -6.490713e-02 -4.305538e-02 1.646683e-02 -7.132122e-03 -3.510686e-03 -1.241623e-01 -7.697275e-03 4.187931e-02 3.706079e-03 2.917830e-02 3.024014e-02 1.092836e-02 -1.835037e-03 -4.510498e-02 -1.710982e-02 1.446271e-03 -9.604393e-03 -3.859103e-03 -4.801871e-02
<VARIANCE> 39
 1.733980e-01 3.513179e-01 7.475088e-01 5.504505e-01 6.713941e-01 7.499564e-01 5.428683e-01 5.327244e-01 4.626142e-01 3.509337e-01 2.820500e-01 2.279236e-01 1.926853e-01 9.027549e-03 1.641479e-02 2.725519e-02 2.607966e-02 3.448873e-02 3.174275e-02 3.180386e-02 3.273501e-02 3.055014e-02 2.337366e-02 1.951788e-02 1.620527e-02 1.027442e-02 2.159717e-03 2.549117e-03 4.189038e-03 4.647702e-03 5.562555e-03 5.620979e-03 5.501840e-03 5.456022e-03 5.273121e-03 4.401774e-03 3.491107e-03 2.932190e-03 1.814248e-03
<GCONST> -6.199290e+01
<MIXTURE> 4 1.250000e-01
<MEAN> 39
 5.619589e-01 -5.188655e-01 -9.925679e-02 -2.956473e-01 -3.838468e-01 -1.727371e-01 -9.856847e-02 3.851550e-01 1.027558e-01 -6.196223e-02 5.743314e-02 -4.935725e-02 9.331099e-01 2.188962e-02 1.162490e-01 7.674056e-02 7.793459e-02 -2.651393e-02 -5.713889e-02 -2.986914e-02 -6.490713e-02 -4.305538e-02 1.646683e-02 -7.132122e-03 -3.510686e-03 -1.241623e-01 -7.697275e-03 4.187931e-02 3.706079e-03 2.917830e-02 3.024014e-02 1.092836e-02 -1.835037e-03 -4.510498e-02 -1.710982e-02 1.446271e-03 -9.604393e-03 -3.859103e-03 -4.801871e-02
<VARIANCE> 39
 1.733980e-01 3.513179e-01 7.475088e-01 5.504505e-01 6.713941e-01 7.499564e-01 5.428683e-01 5.327244e-01 4.626142e-01 3.509337e-01 2.820500e-01 2.279236e-01 1.926853e-01 9.027549e-03 1.641479e-02 2.725519e-02 2.607966e-02 3.448873e-02 3.174275e-02 3.180386e-02 3.273501e-02 3.055014e-02 2.337366e-02 1.951788e-02 1.620527e-02 1.027442e-02 2.159717e-03 2.549117e-03 4.189038e-03 4.647702e-03 5.562555e-03 5.620979e-03 5.501840e-03 5.456022e-03 5.273121e-03 4.401774e-03 3.491107e-03 2.932190e-03 1.814248e-03
<GCONST> -6.199290e+01
<MIXTURE> 5 1.250000e-01
<MEAN> 39
 5.619589e-01 -5.188655e-01 -9.925679e-02 -2.956473e-01 -3.838468e-01 -1.727371e-01 -9.856847e-02 3.851550e-01 1.027558e-01 -6.196223e-02 5.743314e-02 -4.935725e-02 9.331099e-01 2.188962e-02 1.162490e-01 7.674056e-02 7.793459e-02 -2.651393e-02 -5.713889e-02 -2.986914e-02 -6.490713e-02 -4.305538e-02 1.646683e-02 -7.132122e-03 -3.510686e-03 -1.241623e-01 -7.697275e-03 4.187931e-02 3.706079e-03 2.917830e-02 3.024014e-02 1.092836e-02 -1.835037e-03 -4.510498e-02 -1.710982e-02 1.446271e-03 -9.604393e-03 -3.859103e-03 -4.801871e-02
<VARIANCE> 39
 1.733980e-01 3.513179e-01 7.475088e-01 5.504505e-01 6.713941e-01 7.499564e-01 5.428683e-01 5.327244e-01 4.626142e-01 3.509337e-01 2.820500e-01 2.279236e-01 1.926853e-01 9.027549e-03 1.641479e-02 2.725519e-02 2.607966e-02 3.448873e-02 3.174275e-02 3.180386e-02 3.273501e-02 3.055014e-02 2.337366e-02 1.951788e-02 1.620527e-02 1.027442e-02 2.159717e-03 2.549117e-03 4.189038e-03 4.647702e-03 5.562555e-03 5.620979e-03 5.501840e-03 5.456022e-03 5.273121e-03 4.401774e-03 3.491107e-03 2.932190e-03 1.814248e-03
<GCONST> -6.199290e+01
<MIXTURE> 6 1.250000e-01
<MEAN> 39
 5.619589e-01 -5.188655e-01 -9.925679e-02 -2.956473e-01 -3.838468e-01 -1.727371e-01 -9.856847e-02 3.851550e-01 1.027558e-01 -6.196223e-02 5.743314e-02 -4.935725e-02 9.331099e-01 2.188962e-02 1.162490e-01 7.674056e-02 7.793459e-02 -2.651393e-02 -5.713889e-02 -2.986914e-02 -6.490713e-02 -4.305538e-02 1.646683e-02 -7.132122e-03 -3.510686e-03 -1.241623e-01 -7.697275e-03 4.187931e-02 3.706079e-03 2.917830e-02 3.024014e-02 1.092836e-02 -1.835037e-03 -4.510498e-02 -1.710982e-02 1.446271e-03 -9.604393e-03 -3.859103e-03 -4.801871e-02
<VARIANCE> 39
 1.733980e-01 3.513179e-01 7.475088e-01 5.504505e-01 6.713941e-01 7.499564e-01 5.428683e-01 5.327244e-01 4.626142e-01 3.509337e-01 2.820500e-01 2.279236e-01 1.926853e-01 9.027549e-03 1.641479e-02 2.725519e-02 2.607966e-02 3.448873e-02 3.174275e-02 3.180386e-02 3.273501e-02 3.055014e-02 2.337366e-02 1.951788e-02 1.620527e-02 1.027442e-02 2.159717e-03 2.549117e-03 4.189038e-03 4.647702e-03 5.562555e-03 5.620979e-03 5.501840e-03 5.456022e-03 5.273121e-03 4.401774e-03 3.491107e-03 2.932190e-03 1.814248e-03
<GCONST> -6.199290e+01
<MIXTURE> 7 1.250000e-01
<MEAN> 39
 5.619589e-01 -5.188655e-01 -9.925679e-02 -2.956473e-01 -3.838468e-01 -1.727371e-01 -9.856847e-02 3.851550e-01 1.027558e-01 -6.196223e-02 5.743314e-02 -4.935725e-02 9.331099e-01 2.188962e-02 1.162490e-01 7.674056e-02 7.793459e-02 -2.651393e-02 -5.713889e-02 -2.986914e-02 -6.490713e-02 -4.305538e-02 1.646683e-02 -7.132122e-03 -3.510686e-03 -1.241623e-01 -7.697275e-03 4.187931e-02 3.706079e-03 2.917830e-02 3.024014e-02 1.092836e-02 -1.835037e-03 -4.510498e-02 -1.710982e-02 1.446271e-03 -9.604393e-03 -3.859103e-03 -4.801871e-02
<VARIANCE> 39
 1.733980e-01 3.513179e-01 7.475088e-01 5.504505e-01 6.713941e-01 7.499564e-01 5.428683e-01 5.327244e-01 4.626142e-01 3.509337e-01 2.820500e-01 2.279236e-01 1.926853e-01 9.027549e-03 1.641479e-02 2.725519e-02 2.607966e-02 3.448873e-02 3.174275e-02 3.180386e-02 3.273501e-02 3.055014e-02 2.337366e-02 1.951788e-02 1.620527e-02 1.027442e-02 2.159717e-03 2.549117e-03 4.189038e-03 4.647702e-03 5.562555e-03 5.620979e-03 5.501840e-03 5.456022e-03 5.273121e-03 4.401774e-03 3.491107e-03 2.932190e-03 1.814248e-03
<GCONST> -6.199290e+01
<MIXTURE> 8 1.250000e-01
<MEAN> 39
 5.619589e-01 -5.188655e-01 -9.925679e-02 -2.956473e-01 -3.838468e-01 -1.727371e-01 -9.856847e-02 3.851550e-01 1.027558e-01 -6.196223e-02 5.743314e-02 -4.935725e-02 9.331099e-01 2.188962e-02 1.162490e-01 7.674056e-02 7.793459e-02 -2.651393e-02 -5.713889e-02 -2.986914e-02 -6.490713e-02 -4.305538e-02 1.646683e-02 -7.132122e-03 -3.510686e-03 -1.241623e-01 -7.697275e-03 4.187931e-02 3.706079e-03 2.917830e-02 3.024014e-02 1.092836e-02 -1.835037e-03 -4.510498e-02 -1.710982e-02 1.446271e-03 -9.604393e-03 -3.859103e-03 -4.801871e-02
<VARIANCE> 39
 1.733980e-01 3.513179e-01 7.475088e-01 5.504505e-01 6.713941e-01 7.499564e-01 5.428683e-01 5.327244e-01 4.626142e-01 3.509337e-01 2.820500e-01 2.279236e-01 1.926853e-01 9.027549e-03 1.641479e-02 2.725519e-02 2.607966e-02 3.448873e-02 3.174275e-02 3.180386e-02 3.273501e-02 3.055014e-02 2.337366e-02 1.951788e-02 1.620527e-02 1.027442e-02 2.159717e-03 2.549117e-03 4.189038e-03 4.647702e-03 5.562555e-03 5.620979e-03 5.501840e-03 5.456022e-03 5.273121e-03 4.401774e-03 3.491107e-03 2.932190e-03 1.814248e-03
<GCONST> -6.199290e+01
<STATE> 9
<NUMMIXES> 8
<MIXTURE> 1 1.250000e-01
<MEAN> 39
 6.364133e-01 -2.240840e-02 1.478610e-01 -2.009376e-01 -4.018261e-01 -1.217429e-01 -2.219063e-01 -1.160864e-01 -6.153261e-02 1.034662e-01 2.439915e-02 -7.245892e-02 5.002641e-01 -6.853835e-03 1.704995e-01 3.837357e-02 1.518463e-01 7.549655e-02 -2.761433e-02 -1.142283e-02 -1.234113e-01 -6.386560e-02 -1.382595e-02 -4.670975e-02 -1.148286e-02 -2.007749e-01 -3.908216e-02 -1.953214e-03 -1.446822e-02 6.084115e-03 2.868970e-02 1.314978e-02 1.932139e-02 9.570868e-03 1.952460e-03 -1.263128e-02 -3.933712e-03 2.597741e-03 -7.849014e-03
<VARIANCE> 39
 1.760058e-01 3.025822e-01 8.024885e-01 6.127999e-01 6.581033e-01 6.597983e-01 4.570553e-01 4.907264e-01 4.669026e-01 3.557900e-01 3.006522e-01 2.327043e-01 1.875236e-01 1.723864e-02 2.108227e-02 3.090833e-02 3.297687e-02 3.330827e-02 3.642742e-02 3.036796e-02 3.363328e-02 3.115977e-02 2.605100e-02 1.964178e-02 1.612522e-02 1.782397e-02 3.062790e-03 2.528362e-03 4.435724e-03 4.996920e-03 5.599113e-03 5.743401e-03 5.032040e-03 5.148126e-03 5.332058e-03 4.474112e-03 3.822338e-03 3.074511e-03 1.660781e-03
<GCONST> -5.982045e+01
<MIXTURE> 2 1.250000e-01
<MEAN> 39
 6.364133e-01 -2.240840e-02 1.478610e-01 -2.009376e-01 -4.018261e-01 -1.217429e-01 -2.219063e-01 -1.160864e-01 -6.153261e-02 1.034662e-01 2.439915e-02 -7.245892e-02 5.002641e-01 -6.853835e-03 1.704995e-01 3.837357e-02 1.518463e-01 7.549655e-02 -2.761433e-02 -1.142283e-02 -1.234113e-01 -6.386560e-02 -1.382595e-02 -4.670975e-02 -1.148286e-02 -2.007749e-01 -3.908216e-02 -1.953214e-03 -1.446822e-02 6.084115e-03 2.868970e-02 1.314978e-02 1.932139e-02 9.570868e-03 1.952460e-03 -1.263128e-02 -3.933712e-03 2.597741e-03 -7.849014e-03
<VARIANCE> 39
 1.760058e-01 3.025822e-01 8.024885e-01 6.127999e-01 6.581033e-01 6.597983e-01 4.570553e-01 4.907264e-01 4.669026e-01 3.557900e-01 3.006522e-01 2.327043e-01 1.875236e-01 1.723864e-02 2.108227e-02 3.090833e-02 3.297687e-02 3.330827e-02 3.642742e-02 3.036796e-02 3.363328e-02 3.115977e-02 2.605100e-02 1.964178e-02 1.612522e-02 1.782397e-02 3.062790e-03 2.528362e-03 4.435724e-03 4.996920e-03 5.599113e-03 5.743401e-03 5.032040e-03 5.148126e-03 5.332058e-03 4.474112e-03 3.822338e-03 3.074511e-03 1.660781e-03
<GCONST> -5.982045e+01
<MIXTURE> 3 1.250000e-01
<MEAN> 39
 6.364133e-01 -2.240840e-02 1.478610e-01 -2.009376e-01 -4.018261e-01 -1.217429e-01 -2.219063e-01 -1.160864e-01 -6.153261e-02 1.034662e-01 2.439915e-02 -7.245892e-02 5.002641e-01 -6.853835e-03 1.704995e-01 3.837357e-02 1.518463e-01 7.549655e-02 -2.761433e-02 -1.142283e-02 -1.234113e-01 -6.386560e-02 -1.382595e-02 -4.670975e-02 -1.148286e-02 -2.007749e-01 -3.908216e-02 -1.953214e-03 -1.446822e-02 6.084115e-03 2.868970e-02 1.314978e-02 1.932139e-02 9.570868e-03 1.952460e-03 -1.263128e-02 -3.933712e-03 2.597741e-03 -7.849014e-03
<VARIANCE> 39
 1.760058e-01 3.025822e-01 8.024885e-01 6.127999e-01 6.581033e-01 6.597983e-01 4.570553e-01 4.907264e-01 4.669026e-01 3.557900e-01 3.006522e-01 2.327043e-01 1.875236e-01 1.723864e-02 2.108227e-02 3.090833e-02 3.297687e-02 3.330827e-02 3.642742e-02 3.036796e-02 3.363328e-02 3.115977e-02 2.605100e-02 1.964178e-02 1.612522e-02 1.782397e-02 3.062790e-03 2.528362e-03 4.435724e-03 4.996920e-03 5.599113e-03 5.743401e-03 5.032040e-03 5.148126e-03 5.332058e-03 4.474112e-03 3.822338e-03 3.074511e-03 1.660781e-03
<GCONST> -5.982045e+01
<MIXTURE> 4 1.250000e-01
<MEAN> 39
 6.364133e-01 -2.240840e-02 1.478610e-01 -2.009376e-01 -4.018261e-01 -1.217429e-01 -2.219063e-01 -1.160864e-01 -6.153261e-02 1.034662e-01 2.439915e-02 -7.245892e-02 5.002641e-01 -6.853835e-03 1.704995e-01 3.837357e-02 1.518463e-01 7.549655e-02 -2.761433e-02 -1.142283e-02 -1.234113e-01 -6.386560e-02 -1.382595e-02 -4.670975e-02 -1.148286e-02 -2.007749e-01 -3.908216e-02 -1.953214e-03 -1.446822e-02 6.084115e-03 2.868970e-02 1.314978e-02 1.932139e-02 9.570868e-03 1.952460e-03 -1.263128e-02 -3.933712e-03 2.597741e-03 -7.849014e-03
<VARIANCE> 39
 1.760058e-01 3.025822e-01 8.024885e-01 6.127999e-01 6.581033e-01 6.597983e-01 4.570553e-01 4.907264e-01 4.669026e-01 3.557900e-01 3.006522e-01 2.327043e-01 1.875236e-01 1.723864e-02 2.108227e-02 3.090833e-02 3.297687e-02 3.330827e-02 3.642742e-02 3.036796e-02 3.363328e-02 3.115977e-02 2.605100e-02 1.964178e-02 1.612522e-02 1.782397e-02 3.062790e-03 2.528362e-03 4.435724e-03 4.996920e-03 5.599113e-03 5.743401e-03 5.032040e-03 5.148126e-03 5.332058e-03 4.474112e-03 3.822338e-03 3.074511e-03 1.660781e-03
<GCONST> -5.982045e+01
<MIXTURE> 5 1.250000e-01
<MEAN> 39
 6.364133e-01 -2.240840e-02 1.478610e-01 -2.009376e-01 -4.018261e-01 -1.217429e-01 -2.219063e-01 -1.160864e-01 -6.153261e-02 1.034662e-01 2.439915e-02 -7.245892e-02 5.002641e-01 -6.853835e-03 1.704995e-01 3.837357e-02 1.518463e-01 7.549655e-02 -2.761433e-02 -1.142283e-02 -1.234113e-01 -6.386560e-02 -1.382595e-02 -4.670975e-02 -1.148286e-02 -2.007749e-01 -3.908216e-02 -1.953214e-03 -1.446822e-02 6.084115e-03 2.868970e-02 1.314978e-02 1.932139e-02 9.570868e-03 1.952460e-03 -1.263128e-02 -3.933712e-03 2.597741e-03 -7.849014e-03
<VARIANCE> 39
 1.760058e-01 3.025822e-01 8.024885e-01 6.127999e-01 6.581033e-01 6.597983e-01 4.570553e-01 4.907264e-01 4.669026e-01 3.557900e-01 3.006522e-01 2.327043e-01 1.875236e-01 1.723864e-02 2.108227e-02 3.090833e-02 3.297687e-02 3.330827e-02 3.642742e-02 3.036796e-02 3.363328e-02 3.115977e-02 2.605100e-02 1.964178e-02 1.612522e-02 1.782397e-02 3.062790e-03 2.528362e-03 4.435724e-03 4.996920e-03 5.599113e-03 5.743401e-03 5.032040e-03 5.148126e-03 5.332058e-03 4.474112e-03 3.822338e-03 3.074511e-03 1.660781e-03
<GCONST> -5.982045e+01
<MIXTURE> 6 1.250000e-01
<MEAN> 39
 6.364133e-01 -2.240840e-02 1.478610e-01 -2.009376e-01 -4.018261e-01 -1.217429e-01 -2.219063e-01 -1.160864e-01 -6.153261e-02 1.034662e-01 2.439915e-02 -7.245892e-02 5.002641e-01 -6.853835e-03 1.704995e-01 3.837357e-02 1.518463e-01 7.549655e-02 -2.761433e-02 -1.142283e-02 -1.234113e-01 -6.386560e-02 -1.382595e-02 -4.670975e-02 -1.148286e-02 -2.007749e-01 -3.908216e-02 -1.953214e-03 -1.446822e-02 6.084115e-03 2.868970e-02 1.314978e-02 1.932139e-02 9.570868e-03 1.952460e-03 -1.263128e-02 -3.933712e-03 2.597741e-03 -7.849014e-03
<VARIANCE> 39
 1.760058e-01 3.025822e-01 8.024885e-01 6.127999e-01 6.581033e-01 6.597983e-01 4.570553e-01 4.907264e-01 4.669026e-01 3.557900e-01 3.006522e-01 2.327043e-01 1.875236e-01 1.723864e-02 2.108227e-02 3.090833e-02 3.297687e-02 3.330827e-02 3.642742e-02 3.036796e-02 3.363328e-02 3.115977e-02 2.605100e-02 1.964178e-02 1.612522e-02 1.782397e-02 3.062790e-03 2.528362e-03 4.435724e-03 4.996920e-03 5.599113e-03 5.743401e-03 5.032040e-03 5.148126e-03 5.332058e-03 4.474112e-03 3.822338e-03 3.074511e-03 1.660781e-03
<GCONST> -5.982045e+01
<MIXTURE> 7 1.250000e-01
<MEAN> 39
 6.364133e-01 -2.240840e-02 1.478610e-01 -2.009376e-01 -4.018261e-01 -1.217429e-01 -2.219063e-01 -1.160864e-01 -6.153261e-02 1.034662e-01 2.439915e-02 -7.245892e-02 5.002641e-01 -6.853835e-03 1.704995e-01 3.837357e-02 1.518463e-01 7.549655e-02 -2.761433e-02 -1.142283e-02 -1.234113e-01 -6.386560e-02 -1.382595e-02 -4.670975e-02 -1.148286e-02 -2.007749e-01 -3.908216e-02 -1.953214e-03 -1.446822e-02 6.084115e-03 2.868970e-02 1.314978e-02 1.932139e-02 9.570868e-03 1.952460e-03 -1.263128e-02 -3.933712e-03 2.597741e-03 -7.849014e-03
<VARIANCE> 39
 1.760058e-01 3.025822e-01 8.024885e-01 6.127999e-01 6.581033e-01 6.597983e-01 4.570553e-01 4.907264e-01 4.669026e-01 3.557900e-01 3.006522e-01 2.327043e-01 1.875236e-01 1.723864e-02 2.108227e-02 3.090833e-02 3.297687e-02 3.330827e-02 3.642742e-02 3.036796e-02 3.363328e-02 3.115977e-02 2.605100e-02 1.964178e-02 1.612522e-02 1.782397e-02 3.062790e-03 2.528362e-03 4.435724e-03 4.996920e-03 5.599113e-03 5.743401e-03 5.032040e-03 5.148126e-03 5.332058e-03 4.474112e-03 3.822338e-03 3.074511e-03 1.660781e-03
<GCONST> -5.982045e+01
<MIXTURE> 8 1.250000e-01
<MEAN> 39
 6.364133e-01 -2.240840e-02 1.478610e-01 -2.009376e-01 -4.018261e-01 -1.217429e-01 -2.219063e-01 -1.160864e-01 -6.153261e-02 1.034662e-01 2.439915e-02 -7.245892e-02 5.002641e-01 -6.853835e-03 1.704995e-01 3.837357e-02 1.518463e-01 7.549655e-02 -2.761433e-02 -1.142283e-02 -1.234113e-01 -6.386560e-02 -1.382595e-02 -4.670975e-02 -1.148286e-02 -2.007749e-01 -3.908216e-02 -1.953214e-03 -1.446822e-02 6.084115e-03 2.868970e-02 1.314978e-02 1.932139e-02 9.570868e-03 1.952460e-03 -1.263128e-02 -3.933712e-03 2.597741e-03 -7.849014e-03
<VARIANCE> 39
 1.760058e-01 3.025822e-01 8.024885e-01 6.127999e-01 6.581033e-01 6.597983e-01 4.570553e-01 4.907264e-01 4.669026e-01 3.557900e-01 3.006522e-01 2.327043e-01 1.875236e-01 1.723864e-02 2.108227e-02 3.090833e-02 3.297687e-02 3.330827e-02 3.642742e-02 3.036796e-02 3.363328e-02 3.115977e-02 2.605100e-02 1.964178e-02 1.612522e-02 1.782397e-02 3.062790e-03 2.528362e-03 4.435724e-03 4.996920e-03 5.599113e-03 5.743401e-03 5.032040e-03 5.148126e-03 5.332058e-03 4.474112e-03 3.822338e-03 3.074511e-03 1.660781e-03
<GCONST> -5.982045e+01
<STATE> 10
<NUMMIXES> 8
<MIXTURE> 1 1.250000e-01
<MEAN> 39
 5.856255e-01 3.937215e-01 2.249812e-01 3.090833e-01 -1.196620e-01 -2.117055e-01 -1.905558e-01 -3.343817e-01 -2.362034e-01 -6.673332e-02 -1.774559e-01 -1.506676e-01 -3.052471e-02 -1.382163e-01 9.573488e-02 5.321630e-03 7.772610e-02 1.093343e-01 1.949474e-02 3.666919e-02 -4.473526e-02 -2.974047e-02 -2.315736e-02 -1.453200e-02 1.423573e-02 -1.339290e-01 -5.786595e-02 -5.014265e-02 -2.034864e-02 -4.750316e-02 -4.416548e-03 1.457093e-02 1.320720e-02 4.082626e-02 2.668867e-02 8.807643e-03 2.309664e-02 1.635184e-02 5.433866e-02
<VARIANCE> 39
 2.191731e-01 3.221106e-01 4.540214e-01 3.993950e-01 4.556081e-01 4.364536e-01 3.615437e-01 4.222746e-01 3.921334e-01 3.008424e-01 2.448851e-01 1.858488e-01 2.942255e-01 3.924493e-02 2.613803e-02 3.415994e-02 3.414761e-02 3.768110e-02 3.663364e-02 2.977132e-02 3.481605e-02 3.047479e-02 2.466652e-02 2.083365e-02 1.664981e-02 2.191914e-02 3.805625e-03 3.671558e-03 4.439485e-03 4.595963e-03 5.550379e-03 5.175564e-03 4.981477e-03 5.577751e-03 5.393946e-03 4.811559e-03 3.639585e-03 2.870065e-03 3.177150e-03
<GCONST> -5.940676e+01
<MIXTURE> 2 1.250000e-01
<MEAN> 39
 5.856255e-01 3.937215e-01 2.249812e-01 3.090833e-01 -1.196620e-01 -2.117055e-01 -1.905558e-01 -3.343817e-01 -2.362034e-01 -6.673332e-02 -1.774559e-01 -1.506676e-01 -3.052471e-02 -1.382163e-01 9.573488e-02 5.321630e-03 7.772610e-02 1.093343e-01 1.949474e-02 3.666919e-02 -4.473526e-02 -2.974047e-02 -2.315736e-02 -1.453200e-02 1.423573e-02 -1.339290e-01 -5.786595e-02 -5.014265e-02 -2.034864e-02 -4.750316e-02 -4.416548e-03 1.457093e-02 1.320720e-02 4.082626e-02 2.668867e-02 8.807643e-03 2.309664e-02 1.635184e-02 5.433866e-02
<VARIANCE> 39
 2.191731e-01 3.221106e-01 4.540214e-01 3.993950e-01 4.556081e-01 4.364536e-01 3.615437e-01 4.222746e-01 3.921334e-01 3.008424e-01 2.448851e-01 1.858488e-01 2.942255e-01 3.924493e-02 2.613803e-02 3.415994e-02 3.414761e-02 3.768110e-02 3.663364e-02 2.977132e-02 3.481605e-02 3.047479e-02 2.466652e-02 2.083365e-02 1.664981e-02 2.191914e-02 3.805625e-03 3.671558e-03 4.439485e-03 4.595963e-03 5.550379e-03 5.175564e-03 4.981477e-03 5.577751e-03 5.393946e-03 4.811559e-03 3.639585e-03 2.870065e-03 3.177150e-03
<GCONST> -5.940676e+01
<MIXTURE> 3 1.250000e-01
<MEAN> 39
 5.856255e-01 3.937215e-01 2.249812e-01 3.090833e-01 -1.196620e-01 -2.117055e-01 -1.905558e-01 -3.343817e-01 -2.362034e-01 -6.673332e-02 -1.774559e-01 -1.506676e-01 -3.052471e-02 -1.382163e-01 9.573488e-02 5.321630e-03 7.772610e-02 1.093343e-01 1.949474e-02 3.666919e-02 -4.473526e-02 -2.974047e-02 -2.315736e-02 -1.453200e-02 1.423573e-02 -1.339290e-01 -5.786595e-02 -5.014265e-02 -2.034864e-02 -4.750316e-02 -4.416548e-03 1.457093e-02 1.320720e-02 4.082626e-02 2.668867e-02 8.807643e-03 2.309664e-02 1.635184e-02 5.433866e-02
<VARIANCE> 39
 2.191731e-01 3.221106e-01 4.540214e-01 3.993950e-01 4.556081e-01 4.364536e-01 3.615437e-01 4.222746e-01 3.921334e-01 3.008424e-01 2.448851e-01 1.858488e-01 2.942255e-01 3.924493e-02 2.613803e-02 3.415994e-02 3.414761e-02 3.768110e-02 3.663364e-02 2.977132e-02 3.481605e-02 3.047479e-02 2.466652e-02 2.083365e-02 1.664981e-02 2.191914e-02 3.805625e-03 3.671558e-03 4.439485e-03 4.595963e-03 5.550379e-03 5.175564e-03 4.981477e-03 5.577751e-03 5.393946e-03 4.811559e-03 3.639585e-03 2.870065e-03 3.177150e-03
<GCONST> -5.940676e+01
<MIXTURE> 4 1.250000e-01
<MEAN> 39
 5.856255e-01 3.937215e-01 2.249812e-01 3.090833e-01 -1.196620e-01 -2.117055e-01 -1.905558e-01 -3.343817e-01 -2.362034e-01 -6.673332e-02 -1.774559e-01 -1.506676e-01 -3.052471e-02 -1.382163e-01 9.573488e-02 5.321630e-03 7.772610e-02 1.093343e-01 1.949474e-02 3.666919e-02 -4.473526e-02 -2.974047e-02 -2.315736e-02 -1.453200e-02 1.423573e-02 -1.339290e-01 -5.786595e-02 -5.014265e-02 -2.034864e-02 -4.750316e-02 -4.416548e-03 1.457093e-02 1.320720e-02 4.082626e-02 2.668867e-02 8.807643e-03 2.309664e-02 1.635184e-02 5.433866e-02
<VARIANCE> 39
 2.191731e-01 3.221106e-01 4.540214e-01 3.993950e-01 4.556081e-01 4.364536e-01 3.615437e-01 4.222746e-01 3.921334e-01 3.008424e-01 2.448851e-01 1.858488e-01 2.942255e-01 3.924493e-02 2.613803e-02 3.415994e-02 3.414761e-02 3.768110e-02 3.663364e-02 2.977132e-02 3.481605e-02 3.047479e-02 2.466652e-02 2.083365e-02 1.664981e-02 2.191914e-02 3.805625e-03 3.671558e-03 4.439485e-03 4.595963e-03 5.550379e-03 5.175564e-03 4.981477e-03 5.577751e-03 5.393946e-03 4.811559e-03 3.639585e-03 2.870065e-03 3.177150e-03
<GCONST> -5.940676e+01
<MIXTURE> 5 1.250000e-01
<MEAN> 39
 5.856255e-01 3.937215e-01 2.249812e-01 3.090833e-01 -1.196620e-01 -2.117055e-01 -1.905558e-01 -3.343817e-01 -2.362034e-01 -6.673332e-02 -1.774559e-01 -1.506676e-01 -3.052471e-02 -1.382163e-01 9.573488e-02 5.321630e-03 7.772610e-02 1.093343e-01 1.949474e-02 3.666919e-02 -4.473526e-02 -2.974047e-02 -2.315736e-02 -1.453200e-02 1.423573e-02 -1.339290e-01 -5.786595e-02 -5.014265e-02 -2.034864e-02 -4.750316e-02 -4.416548e-03 1.457093e-02 1.320720e-02 4.082626e-02 2.668867e-02 8.807643e-03 2.309664e-02 1.635184e-02 5.433866e-02
<VARIANCE> 39
 2.191731e-01 3.221106e-01 4.540214e-01 3.993950e-01 4.556081e-01 4.364536e-01 3.615437e-01 4.222746e-01 3.921334e-01 3.008424e-01 2.448851e-01 1.858488e-01 2.942255e-01 3.924493e-02 2.613803e-02 3.415994e-02 3.414761e-02 3.768110e-02 3.663364e-02 2.977132e-02 3.481605e-02 3.047479e-02 2.466652e-02 2.083365e-02 1.664981e-02 2.191914e-02 3.805625e-03 3.671558e-03 4.439485e-03 4.595963e-03 5.550379e-03 5.175564e-03 4.981477e-03 5.577751e-03 5.393946e-03 4.811559e-03 3.639585e-03 2.870065e-03 3.177150e-03
<GCONST> -5.940676e+01
<MIXTURE> 6 1.250000e-01
<MEAN> 39
 5.856255e-01 3.937215e-01 2.249812e-01 3.090833e-01 -1.196620e-01 -2.117055e-01 -1.905558e-01 -3.343817e-01 -2.362034e-01 -6.673332e-02 -1.774559e-01 -1.506676e-01 -3.052471e-02 -1.382163e-01 9.573488e-02 5.321630e-03 7.772610e-02 1.093343e-01 1.949474e-02 3.666919e-02 -4.473526e-02 -2.974047e-02 -2.315736e-02 -1.453200e-02 1.423573e-02 -1.339290e-01 -5.786595e-02 -5.014265e-02 -2.034864e-02 -4.750316e-02 -4.416548e-03 1.457093e-02 1.320720e-02 4.082626e-02 2.668867e-02 8.807643e-03 2.309664e-02 1.635184e-02 5.433866e-02
<VARIANCE> 39
 2.191731e-01 3.221106e-01 4.540214e-01 3.993950e-01 4.556081e-01 4.364536e-01 3.615437e-01 4.222746e-01 3.921334e-01 3.008424e-01 2.448851e-01 1.858488e-01 2.942255e-01 3.924493e-02 2.613803e-02 3.415994e-02 3.414761e-02 3.768110e-02 3.663364e-02 2.977132e-02 3.481605e-02 3.047479e-02 2.466652e-02 2.083365e-02 1.664981e-02 2.191914e-02 3.805625e-03 3.671558e-03 4.439485e-03 4.595963e-03 5.550379e-03 5.175564e-03 4.981477e-03 5.577751e-03 5.393946e-03 4.811559e-03 3.639585e-03 2.870065e-03 3.177150e-03
<GCONST> -5.940676e+01
<MIXTURE> 7 1.250000e-01
<MEAN> 39
 5.856255e-01 3.937215e-01 2.249812e-01 3.090833e-01 -1.196620e-01 -2.117055e-01 -1.905558e-01 -3.343817e-01 -2.362034e-01 -6.673332e-02 -1.774559e-01 -1.506676e-01 -3.052471e-02 -1.382163e-01 9.573488e-02 5.321630e-03 7.772610e-02 1.093343e-01 1.949474e-02 3.666919e-02 -4.473526e-02 -2.974047e-02 -2.315736e-02 -1.453200e-02 1.423573e-02 -1.339290e-01 -5.786595e-02 -5.014265e-02 -2.034864e-02 -4.750316e-02 -4.416548e-03 1.457093e-02 1.320720e-02 4.082626e-02 2.668867e-02 8.807643e-03 2.309664e-02 1.635184e-02 5.433866e-02
<VARIANCE> 39
 2.191731e-01 3.221106e-01 4.540214e-01 3.993950e-01 4.556081e-01 4.364536e-01 3.615437e-01 4.222746e-01 3.921334e-01 3.008424e-01 2.448851e-01 1.858488e-01 2.942255e-01 3.924493e-02 2.613803e-02 3.415994e-02 3.414761e-02 3.768110e-02 3.663364e-02 2.977132e-02 3.481605e-02 3.047479e-02 2.466652e-02 2.083365e-02 1.664981e-02 2.191914e-02 3.805625e-03 3.671558e-03 4.439485e-03 4.595963e-03 5.550379e-03 5.175564e-03 4.981477e-03 5.577751e-03 5.393946e-03 4.811559e-03 3.639585e-03 2.870065e-03 3.177150e-03
<GCONST> -5.940676e+01
<MIXTURE> 8 1.250000e-01
<MEAN> 39
 5.856255e-01 3.937215e-01 2.249812e-01 3.090833e-01 -1.196620e-01 -2.117055e-01 -1.905558e-01 -3.343817e-01 -2.362034e-01 -6.673332e-02 -1.774559e-01 -1.506676e-01 -3.052471e-02 -1.382163e-01 9.573488e-02 5.321630e-03 7.772610e-02 1.093343e-01 1.949474e-02 3.666919e-02 -4.473526e-02 -2.974047e-02 -2.315736e-02 -1.453200e-02 1.423573e-02 -1.339290e-01 -5.786595e-02 -5.014265e-02 -2.034864e-02 -4.750316e-02 -4.416548e-03 1.457093e-02 1.320720e-02 4.082626e-02 2.668867e-02 8.807643e-03 2.309664e-02 1.635184e-02 5.433866e-02
<VARIANCE> 39
 2.191731e-01 3.221106e-01 4.540214e-01 3.993950e-01 4.556081e-01 4.364536e-01 3.615437e-01 4.222746e-01 3.921334e-01 3.008424e-01 2.448851e-01 1.858488e-01 2.942255e-01 3.924493e-02 2.613803e-02 3.415994e-02 3.414761e-02 3.768110e-02 3.663364e-02 2.977132e-02 3.481605e-02 3.047479e-02 2.466652e-02 2.083365e-02 1.664981e-02 2.191914e-02 3.805625e-03 3.671558e-03 4.439485e-03 4.595963e-03 5.550379e-03 5.175564e-03 4.981477e-03 5.577751e-03 5.393946e-03 4.811559e-03 3.639585e-03 2.870065e-03 3.177150e-03
<GCONST> -5.940676e+01
<STATE> 11
<NUMMIXES> 8
<MIXTURE> 1 1.250000e-01
<MEAN> 39
 -8.704105e-01 4.942318e-01 -1.090280e-01 1.848229e-01 3.272250e-01 -4.333137e-02 1.050195e-01 -9.782336e-02 -4.147012e-02 -3.596884e-02 7.842309e-03 8.018140e-02 4.271406e-02 -1.358149e-01 -7.715298e-03 -2.411527e-02 -1.311765e-02 3.397206e-02 2.258769e-02 2.465958e-02 1.545825e-02 1.703203e-02 1.418045e-02 2.164841e-02 1.889760e-02 -2.565577e-02 4.442078e-02 -2.950307e-02 8.088011e-03 -1.828352e-02 -2.919755e-02 -8.743891e-03 -1.019091e-02 1.104518e-02 8.726386e-03 4.322324e-03 3.039741e-04 -3.125883e-03 2.646777e-02
<VARIANCE> 39
 1.199194e+00 4.270620e-01 5.219710e-01 4.168819e-01 4.312011e-01 3.729972e-01 3.268038e-01 3.073509e-01 2.612014e-01 1.995698e-01 1.600365e-01 1.218582e-01 3.834535e-01 5.228139e-02 2.230760e-02 2.628769e-02 2.220455e-02 2.475817e-02 2.401816e-02 2.206515e-02 2.211309e-02 2.068963e-02 1.683833e-02 1.414046e-02 1.066622e-02 1.918932e-02 6.496015e-03 4.262219e-03 4.880514e-03 4.958882e-03 5.011350e-03 4.819566e-03 4.375937e-03 4.984834e-03 4.375647e-03 3.547333e-03 2.818479e-03 2.028686e-03 5.018288e-03
<GCONST> -6.338795e+01
<MIXTURE> 2 1.250000e-01
<MEAN> 39
 -8.704105e-01 4.942318e-01 -1.090280e-01 1.848229e-01 3.272250e-01 -4.333137e-02 1.050195e-01 -9.782336e-02 -4.147012e-02 -3.596884e-02 7.842309e-03 8.018140e-02 4.271406e-02 -1.358149e-01 -7.715298e-03 -2.411527e-02 -1.311765e-02 3.397206e-02 2.258769e-02 2.465958e-02 1.545825e-02 1.703203e-02 1.418045e-02 2.164841e-02 1.889760e-02 -2.565577e-02 4.442078e-02 -2.950307e-02 8.088011e-03 -1.828352e-02 -2.919755e-02 -8.743891e-03 -1.019091e-02 1.104518e-02 8.726386e-03 4.322324e-03 3.039741e-04 -3.125883e-03 2.646777e-02
<VARIANCE> 39
 1.199194e+00 4.270620e-01 5.219710e-01 4.168819e-01 4.312011e-01 3.729972e-01 3.268038e-01 3.073509e-01 2.612014e-01 1.995698e-01 1.600365e-01 1.218582e-01 3.834535e-01 5.228139e-02 2.230760e-02 2.628769e-02 2.220455e-02 2.475817e-02 2.401816e-02 2.206515e-02 2.211309e-02 2.068963e-02 1.683833e-02 1.414046e-02 1.066622e-02 1.918932e-02 6.496015e-03 4.262219e-03 4.880514e-03 4.958882e-03 5.011350e-03 4.819566e-03 4.375937e-03 4.984834e-03 4.375647e-03 3.547333e-03 2.818479e-03 2.028686e-03 5.018288e-03
<GCONST> -6.338795e+01
<MIXTURE> 3 1.250000e-01
<MEAN> 39
 -8.704105e-01 4.942318e-01 -1.090280e-01 1.848229e-01 3.272250e-01 -4.333137e-02 1.050195e-01 -9.782336e-02 -4.147012e-02 -3.596884e-02 7.842309e-03 8.018140e-02 4.271406e-02 -1.358149e-01 -7.715298e-03 -2.411527e-02 -1.311765e-02 3.397206e-02 2.258769e-02 2.465958e-02 1.545825e-02 1.703203e-02 1.418045e-02 2.164841e-02 1.889760e-02 -2.565577e-02 4.442078e-02 -2.950307e-02 8.088011e-03 -1.828352e-02 -2.919755e-02 -8.743891e-03 -1.019091e-02 1.104518e-02 8.726386e-03 4.322324e-03 3.039741e-04 -3.125883e-03 2.646777e-02
<VARIANCE> 39
 1.199194e+00 4.270620e-01 5.219710e-01 4.168819e-01 4.312011e-01 3.729972e-01 3.268038e-01 3.073509e-01 2.612014e-01 1.995698e-01 1.600365e-01 1.218582e-01 3.834535e-01 5.228139e-02 2.230760e-02 2.628769e-02 2.220455e-02 2.475817e-02 2.401816e-02 2.206515e-02 2.211309e-02 2.068963e-02 1.683833e-02 1.414046e-02 1.066622e-02 1.918932e-02 6.496015e-03 4.262219e-03 4.880514e-03 4.958882e-03 5.011350e-03 4.819566e-03 4.375937e-03 4.984834e-03 4.375647e-03 3.547333e-03 2.818479e-03 2.028686e-03 5.018288e-03
<GCONST> -6.338795e+01
<MIXTURE> 4 1.250000e-01
<MEAN> 39
 -8.704105e-01 4.942318e-01 -1.090280e-01 1.848229e-01 3.272250e-01 -4.333137e-02 1.050195e-01 -9.782336e-02 -4.147012e-02 -3.596884e-02 7.842309e-03 8.018140e-02 4.271406e-02 -1.358149e-01 -7.715298e-03 -2.411527e-02 -1.311765e-02 3.397206e-02 2.258769e-02 2.465958e-02 1.545825e-02 1.703203e-02 1.418045e-02 2.164841e-02 1.889760e-02 -2.565577e-02 4.442078e-02 -2.950307e-02 8.088011e-03 -1.828352e-02 -2.919755e-02 -8.743891e-03 -1.019091e-02 1.104518e-02 8.726386e-03 4.322324e-03 3.039741e-04 -3.125883e-03 2.646777e-02
<VARIANCE> 39
 1.199194e+00 4.270620e-01 5.219710e-01 4.168819e-01 4.312011e-01 3.729972e-01 3.268038e-01 3.073509e-01 2.612014e-01 1.995698e-01 1.600365e-01 1.218582e-01 3.834535e-01 5.228139e-02 2.230760e-02 2.628769e-02 2.220455e-02 2.475817e-02 2.401816e-02 2.206515e-02 2.211309e-02 2.068963e-02 1.683833e-02 1.414046e-02 1.066622e-02 1.918932e-02 6.496015e-03 4.262219e-03 4.880514e-03 4.958882e-03 5.011350e-03 4.819566e-03 4.375937e-03 4.984834e-03 4.375647e-03 3.547333e-03 2.818479e-03 2.028686e-03 5.018288e-03
<GCONST> -6.338795e+01
<MIXTURE> 5 1.250000e-01
<MEAN> 39
 -8.704105e-01 4.942318e-01 -1.090280e-01 1.848229e-01 3.272250e-01 -4.333137e-02 1.050195e-01 -9.782336e-02 -4.147012e-02 -3.596884e-02 7.842309e-03 8.018140e-02 4.271406e-02 -1.358149e-01 -7.715298e-03 -2.411527e-02 -1.311765e-02 3.397206e-02 2.258769e-02 2.465958e-02 1.545825e-02 1.703203e-02 1.418045e-02 2.164841e-02 1.889760e-02 -2.565577e-02 4.442078e-02 -2.950307e-02 8.088011e-03 -1.828352e-02 -2.919755e-02 -8.743891e-03 -1.019091e-02 1.104518e-02 8.726386e-03 4.322324e-03 3.039741e-04 -3.125883e-03 2.646777e-02
<VARIANCE> 39
 1.199194e+00 4.270620e-01 5.219710e-01 4.168819e-01 4.312011e-01 3.729972e-01 3.268038e-01 3.073509e-01 2.612014e-01 1.995698e-01 1.600365e-01 1.218582e-01 3.834535e-01 5.228139e-02 2.230760e-02 2.628769e-02 2.220455e-02 2.475817e-02 2.401816e-02 2.206515e-02 2.211309e-02 2.068963e-02 1.683833e-02 1.414046e-02 1.066622e-02 1.918932e-02 6.496015e-03 4.262219e-03 4.880514e-03 4.958882e-03 5.011350e-03 4.819566e-03 4.375937e-03 4.984834e-03 4.375647e-03 3.547333e-03 2.818479e-03 2.028686e-03 5.018288e-03
<GCONST> -6.338795e+01
<MIXTURE> 6 1.250000e-01
<MEAN> 39
 -8.704105e-01 4.942318e-01 -1.090280e-01 1.848229e-01 3.272250e-01 -4.333137e-02 1.050195e-01 -9.782336e-02 -4.147012e-02 -3.596884e-02 7.842309e-03 8.018140e-02 4.271406e-02 -1.358149e-01 -7.715298e-03 -2.411527e-02 -1.311765e-02 3.397206e-02 2.258769e-02 2.465958e-02 1.545825e-02 1.703203e-02 1.418045e-02 2.164841e-02 1.889760e-02 -2.565577e-02 4.442078e-02 -2.950307e-02 8.088011e-03 -1.828352e-02 -2.919755e-02 -8.743891e-03 -1.019091e-02 1.104518e-02 8.726386e-03 4.322324e-03 3.039741e-04 -3.125883e-03 2.646777e-02
<VARIANCE> 39
 1.199194e+00 4.270620e-01 5.219710e-01 4.168819e-01 4.312011e-01 3.729972e-01 3.268038e-01 3.073509e-01 2.612014e-01 1.995698e-01 1.600365e-01 1.218582e-01 3.834535e-01 5.228139e-02 2.230760e-02 2.628769e-02 2.220455e-02 2.475817e-02 2.401816e-02 2.206515e-02 2.211309e-02 2.068963e-02 1.683833e-02 1.414046e-02 1.066622e-02 1.918932e-02 6.496015e-03 4.262219e-03 4.880514e-03 4.958882e-03 5.011350e-03 4.819566e-03 4.375937e-03 4.984834e-03 4.375647e-03 3.547333e-03 2.818479e-03 2.028686e-03 5.018288e-03
<GCONST> -6.338795e+01
<MIXTURE> 7 1.250000e-01
<MEAN> 39
 -8.704105e-01 4.942318e-01 -1.090280e-01 1.848229e-01 3.272250e-01 -4.333137e-02 1.050195e-01 -9.782336e-02 -4.147012e-02 -3.596884e-02 7.842309e-03 8.018140e-02 4.271406e-02 -1.358149e-01 -7.715298e-03 -2.411527e-02 -1.311765e-02 3.397206e-02 2.258769e-02 2.465958e-02 1.545825e-02 1.703203e-02 1.418045e-02 2.164841e-02 1.889760e-02 -2.565577e-02 4.442078e-02 -2.950307e-02 8.088011e-03 -1.828352e-02 -2.919755e-02 -8.743891e-03 -1.019091e-02 1.104518e-02 8.726386e-03 4.322324e-03 3.039741e-04 -3.125883e-03 2.646777e-02
<VARIANCE> 39
 1.199194e+00 4.270620e-01 5.219710e-01 4.168819e-01 4.312011e-01 3.729972e-01 3.268038e-01 3.073509e-01 2.612014e-01 1.995698e-01 1.600365e-01 1.218582e-01 3.834535e-01 5.228139e-02 2.230760e-02 2.628769e-02 2.220455e-02 2.475817e-02 2.401816e-02 2.206515e-02 2.211309e-02 2.068963e-02 1.683833e-02 1.414046e-02 1.066622e-02 1.918932e-02 6.496015e-03 4.262219e-03 4.880514e-03 4.958882e-03 5.011350e-03 4.819566e-03 4.375937e-03 4.984834e-03 4.375647e-03 3.547333e-03 2.818479e-03 2.028686e-03 5.018288e-03
<GCONST> -6.338795e+01
<MIXTURE> 8 1.250000e-01
<MEAN> 39
 -8.704105e-01 4.942318e-01 -1.090280e-01 1.848229e-01 3.272250e-01 -4.333137e-02 1.050195e-01 -9.782336e-02 -4.147012e-02 -3.596884e-02 7.842309e-03 8.018140e-02 4.271406e-02 -1.358149e-01 -7.715298e-03 -2.411527e-02 -1.311765e-02 3.397206e-02 2.258769e-02 2.465958e-02 1.545825e-02 1.703203e-02 1.418045e-02 2.164841e-02 1.889760e-02 -2.565577e-02 4.442078e-02 -2.950307e-02 8.088011e-03 -1.828352e-02 -2.919755e-02 -8.743891e-03 -1.019091e-02 1.104518e-02 8.726386e-03 4.322324e-03 3.039741e-04 -3.125883e-03 2.646777e-02
<VARIANCE> 39
 1.199194e+00 4.270620e-01 5.219710e-01 4.168819e-01 4.312011e-01 3.729972e-01 3.268038e-01 3.073509e-01 2.612014e-01 1.995698e-01 1.600365e-01 1.218582e-01 3.834535e-01 5.228139e-02 2.230760e-02 2.628769e-02 2.220455e-02 2.475817e-02 2.401816e-02 2.206515e-02 2.211309e-02 2.068963e-02 1.683833e-02 1.414046e-02 1.066622e-02 1.918932e-02 6.496015e-03 4.262219e-03 4.880514e-03 4.958882e-03 5.011350e-03 4.819566e-03 4.375937e-03 4.984834e-03 4.375647e-03 3.547333e-03 2.818479e-03 2.028686e-03 5.018288e-03
<GCONST> -6.338795e+01
<STATE> 12
<NUMMIXES> 8
<MIXTURE> 1 1.250000e-01
<MEAN> 39
 -6.506063e-01 7.754595e-02 7.667598e-02 8.613773e-02 1.728134e-01 -4.365179e-04 8.631431e-02 -8.650324e-02 -1.134517e-02 3.991680e-02 4.294708e-02 9.108903e-02 2.582201e-02 4.850009e-02 -5.824597e-02 3.356443e-02 -4.745988e-02 -7.390039e-02 -5.204853e-02 -1.854814e-02 3.857731e-02 2.937958e-02 8.743701e-03 8.120324e-03 1.175771e-02 1.006417e-01 6.729837e-02 5.080428e-03 1.577322e-04 -9.804606e-03 -3.029574e-02 -1.705256e-02 -1.875892e-02 1.039001e-02 3.012952e-03 -1.407176e-03 -4.417207e-03 -1.045967e-02 1.736205e-02
<VARIANCE> 39
 9.299983e-01 4.450777e-01 5.301918e-01 4.388083e-01 4.626277e-01 4.200051e-01 3.600722e-01 3.309510e-01 2.836755e-01 2.285584e-01 1.697978e-01 1.327286e-01 4.840761e-01 9.742568e-02 3.970075e-02 4.141535e-02 4.229249e-02 4.412518e-02 4.368325e-02 3.740317e-02 3.630954e-02 3.191260e-02 2.561102e-02 2.007048e-02 1.571742e-02 4.933506e-02 1.092045e-02 7.002053e-03 7.154348e-03 7.413617e-03 7.750160e-03 7.586425e-03 6.600787e-03 6.685288e-03 5.738528e-03 4.738478e-03 3.735602e-03 2.848845e-03 9.135832e-03
<GCONST> -5.037004e+01
<MIXTURE> 2 1.250000e-01
<MEAN> 39
 -6.506063e-01 7.754595e-02 7.667598e-02 8.613773e-02 1.728134e-01 -4.365179e-04 8.631431e-02 -8.650324e-02 -1.134517e-02 3.991680e-02 4.294708e-02 9.108903e-02 2.582201e-02 4.850009e-02 -5.824597e-02 3.356443e-02 -4.745988e-02 -7.390039e-02 -5.204853e-02 -1.854814e-02 3.857731e-02 2.937958e-02 8.743701e-03 8.120324e-03 1.175771e-02 1.006417e-01 6.729837e-02 5.080428e-03 1.577322e-04 -9.804606e-03 -3.029574e-02 -1.705256e-02 -1.875892e-02 1.039001e-02 3.012952e-03 -1.407176e-03 -4.417207e-03 -1.045967e-02 1.736205e-02
<VARIANCE> 39
 9.299983e-01 4.450777e-01 5.301918e-01 4.388083e-01 4.626277e-01 4.200051e-01 3.600722e-01 3.309510e-01 2.836755e-01 2.285584e-01 1.697978e-01 1.327286e-01 4.840761e-01 9.742568e-02 3.970075e-02 4.141535e-02 4.229249e-02 4.412518e-02 4.368325e-02 3.740317e-02 3.630954e-02 3.191260e-02 2.561102e-02 2.007048e-02 1.571742e-02 4.933506e-02 1.092045e-02 7.002053e-03 7.154348e-03 7.413617e-03 7.750160e-03 7.586425e-03 6.600787e-03 6.685288e-03 5.738528e-03 4.738478e-03 3.735602e-03 2.848845e-03 9.135832e-03
<GCONST> -5.037004e+01
<MIXTURE> 3 1.250000e-01
<MEAN> 39
 -6.506063e-01 7.754595e-02 7.667598e-02 8.613773e-02 1.728134e-01 -4.365179e-04 8.631431e-02 -8.650324e-02 -1.134517e-02 3.991680e-02 4.294708e-02 9.108903e-02 2.582201e-02 4.850009e-02 -5.824597e-02 3.356443e-02 -4.745988e-02 -7.390039e-02 -5.204853e-02 -1.854814e-02 3.857731e-02 2.937958e-02 8.743701e-03 8.120324e-03 1.175771e-02 1.006417e-01 6.729837e-02 5.080428e-03 1.577322e-04 -9.804606e-03 -3.029574e-02 -1.705256e-02 -1.875892e-02 1.039001e-02 3.012952e-03 -1.407176e-03 -4.417207e-03 -1.045967e-02 1.736205e-02
<VARIANCE> 39
 9.299983e-01 4.450777e-01 5.301918e-01 4.388083e-01 4.626277e-01 4.200051e-01 3.600722e-01 3.309510e-01 2.836755e-01 2.285584e-01 1.697978e-01 1.327286e-01 4.840761e-01 9.742568e-02 3.970075e-02 4.141535e-02 4.229249e-02 4.412518e-02 4.368325e-02 3.740317e-02 3.630954e-02 3.191260e-02 2.561102e-02 2.007048e-02 1.571742e-02 4.933506e-02 1.092045e-02 7.002053e-03 7.154348e-03 7.413617e-03 7.750160e-03 7.586425e-03 6.600787e-03 6.685288e-03 5.738528e-03 4.738478e-03 3.735602e-03 2.848845e-03 9.135832e-03
<GCONST> -5.037004e+01
<MIXTURE> 4 1.250000e-01
<MEAN> 39
 -6.506063e-01 7.754595e-02 7.667598e-02 8.613773e-02 1.728134e-01 -4.365179e-04 8.631431e-02 -8.650324e-02 -1.134517e-02 3.991680e-02 4.294708e-02 9.108903e-02 2.582201e-02 4.850009e-02 -5.824597e-02 3.356443e-02 -4.745988e-02 -7.390039e-02 -5.204853e-02 -1.854814e-02 3.857731e-02 2.937958e-02 8.743701e-03 8.120324e-03 1.175771e-02 1.006417e-01 6.729837e-02 5.080428e-03 1.577322e-04 -9.804606e-03 -3.029574e-02 -1.705256e-02 -1.875892e-02 1.039001e-02 3.012952e-03 -1.407176e-03 -4.417207e-03 -1.045967e-02 1.736205e-02
<VARIANCE> 39
 9.299983e-01 4.450777e-01 5.301918e-01 4.388083e-01 4.626277e-01 4.200051e-01 3.600722e-01 3.309510e-01 2.836755e-01 2.285584e-01 1.697978e-01 1.327286e-01 4.840761e-01 9.742568e-02 3.970075e-02 4.141535e-02 4.229249e-02 4.412518e-02 4.368325e-02 3.740317e-02 3.630954e-02 3.191260e-02 2.561102e-02 2.007048e-02 1.571742e-02 4.933506e-02 1.092045e-02 7.002053e-03 7.154348e-03 7.413617e-03 7.750160e-03 7.586425e-03 6.600787e-03 6.685288e-03 5.738528e-03 4.738478e-03 3.735602e-03 2.848845e-03 9.135832e-03
<GCONST> -5.037004e+01
<MIXTURE> 5 1.250000e-01
<MEAN> 39
 -6.506063e-01 7.754595e-02 7.667598e-02 8.613773e-02 1.728134e-01 -4.365179e-04 8.631431e-02 -8.650324e-02 -1.134517e-02 3.991680e-02 4.294708e-02 9.108903e-02 2.582201e-02 4.850009e-02 -5.824597e-02 3.356443e-02 -4.745988e-02 -7.390039e-02 -5.204853e-02 -1.854814e-02 3.857731e-02 2.937958e-02 8.743701e-03 8.120324e-03 1.175771e-02 1.006417e-01 6.729837e-02 5.080428e-03 1.577322e-04 -9.804606e-03 -3.029574e-02 -1.705256e-02 -1.875892e-02 1.039001e-02 3.012952e-03 -1.407176e-03 -4.417207e-03 -1.045967e-02 1.736205e-02
<VARIANCE> 39
 9.299983e-01 4.450777e-01 5.301918e-01 4.388083e-01 4.626277e-01 4.200051e-01 3.600722e-01 3.309510e-01 2.836755e-01 2.285584e-01 1.697978e-01 1.327286e-01 4.840761e-01 9.742568e-02 3.970075e-02 4.141535e-02 4.229249e-02 4.412518e-02 4.368325e-02 3.740317e-02 3.630954e-02 3.191260e-02 2.561102e-02 2.007048e-02 1.571742e-02 4.933506e-02 1.092045e-02 7.002053e-03 7.154348e-03 7.413617e-03 7.750160e-03 7.586425e-03 6.600787e-03 6.685288e-03 5.738528e-03 4.738478e-03 3.735602e-03 2.848845e-03 9.135832e-03
<GCONST> -5.037004e+01
<MIXTURE> 6 1.250000e-01
<MEAN> 39
 -6.506063e-01 7.754595e-02 7.667598e-02 8.613773e-02 1.728134e-01 -4.365179e-04 8.631431e-02 -8.650324e-02 -1.134517e-02 3.991680e-02 4.294708e-02 9.108903e-02 2.582201e-02 4.850009e-02 -5.824597e-02 3.356443e-02 -4.745988e-02 -7.390039e-02 -5.204853e-02 -1.854814e-02 3.857731e-02 2.937958e-02 8.743701e-03 8.120324e-03 1.175771e-02 1.006417e-01 6.729837e-02 5.080428e-03 1.577322e-04 -9.804606e-03 -3.029574e-02 -1.705256e-02 -1.875892e-02 1.039001e-02 3.012952e-03 -1.407176e-03 -4.417207e-03 -1.045967e-02 1.736205e-02
<VARIANCE> 39
 9.299983e-01 4.450777e-01 5.301918e-01 4.388083e-01 4.626277e-01 4.200051e-01 3.600722e-01 3.309510e-01 2.836755e-01 2.285584e-01 1.697978e-01 1.327286e-01 4.840761e-01 9.742568e-02 3.970075e-02 4.141535e-02 4.229249e-02 4.412518e-02 4.368325e-02 3.740317e-02 3.630954e-02 3.191260e-02 2.561102e-02 2.007048e-02 1.571742e-02 4.933506e-02 1.092045e-02 7.002053e-03 7.154348e-03 7.413617e-03 7.750160e-03 7.586425e-03 6.600787e-03 6.685288e-03 5.738528e-03 4.738478e-03 3.735602e-03 2.848845e-03 9.135832e-03
<GCONST> -5.037004e+01
<MIXTURE> 7 1.250000e-01
<MEAN> 39
 -6.506063e-01 7.754595e-02 7.667598e-02 8.613773e-02 1.728134e-01 -4.365179e-04 8.631431e-02 -8.650324e-02 -1.134517e-02 3.991680e-02 4.294708e-02 9.108903e-02 2.582201e-02 4.850009e-02 -5.824597e-02 3.356443e-02 -4.745988e-02 -7.390039e-02 -5.204853e-02 -1.854814e-02 3.857731e-02 2.937958e-02 8.743701e-03 8.120324e-03 1.175771e-02 1.006417e-01 6.729837e-02 5.080428e-03 1.577322e-04 -9.804606e-03 -3.029574e-02 -1.705256e-02 -1.875892e-02 1.039001e-02 3.012952e-03 -1.407176e-03 -4.417207e-03 -1.045967e-02 1.736205e-02
<VARIANCE> 39
 9.299983e-01 4.450777e-01 5.301918e-01 4.388083e-01 4.626277e-01 4.200051e-01 3.600722e-01 3.309510e-01 2.836755e-01 2.285584e-01 1.697978e-01 1.327286e-01 4.840761e-01 9.742568e-02 3.970075e-02 4.141535e-02 4.229249e-02 4.412518e-02 4.368325e-02 3.740317e-02 3.630954e-02 3.191260e-02 2.561102e-02 2.007048e-02 1.571742e-02 4.933506e-02 1.092045e-02 7.002053e-03 7.154348e-03 7.413617e-03 7.750160e-03 7.586425e-03 6.600787e-03 6.685288e-03 5.738528e-03 4.738478e-03 3.735602e-03 2.848845e-03 9.135832e-03
<GCONST> -5.037004e+01
<MIXTURE> 8 1.250000e-01
<MEAN> 39
 -6.506063e-01 7.754595e-02 7.667598e-02 8.613773e-02 1.728134e-01 -4.365179e-04 8.631431e-02 -8.650324e-02 -1.134517e-02 3.991680e-02 4.294708e-02 9.108903e-02 2.582201e-02 4.850009e-02 -5.824597e-02 3.356443e-02 -4.745988e-02 -7.390039e-02 -5.204853e-02 -1.854814e-02 3.857731e-02 2.937958e-02 8.743701e-03 8.120324e-03 1.175771e-02 1.006417e-01 6.729837e-02 5.080428e-03 1.577322e-04 -9.804606e-03 -3.029574e-02 -1.705256e-02 -1.875892e-02 1.039001e-02 3.012952e-03 -1.407176e-03 -4.417207e-03 -1.045967e-02 1.736205e-02
<VARIANCE> 39
 9.299983e-01 4.450777e-01 5.301918e-01 4.388083e-01 4.626277e-01 4.200051e-01 3.600722e-01 3.309510e-01 2.836755e-01 2.285584e-01 1.697978e-01 1.327286e-01 4.840761e-01 9.742568e-02 3.970075e-02 4.141535e-02 4.229249e-02 4.412518e-02 4.368325e-02 3.740317e-02 3.630954e-02 3.191260e-02 2.561102e-02 2.007048e-02 1.571742e-02 4.933506e-02 1.092045e-02 7.002053e-03 7.154348e-03 7.413617e-03 7.750160e-03 7.586425e-03 6.600787e-03 6.685288e-03 5.738528e-03 4.738478e-03 3.735602e-03 2.848845e-03 9.135832e-03
<GCONST> -5.037004e+01
<STATE> 13
<NUMMIXES> 8
<MIXTURE> 1 1.250000e-01
<MEAN> 39
 3.399933e-01 -3.396732e-02 2.002328e-01 -9.299098e-02 -4.059122e-01 -3.714410e-01 -2.142222e-01 1.139470e-01 7.047421e-02 4.124083e-02 2.438005e-02 1.049200e-02 4.710513e-01 7.059954e-02 -1.365035e-02 7.629898e-03 -1.635298e-02 -4.335082e-02 -1.477256e-02 -1.197445e-02 3.226051e-02 1.009727e-02 9.347542e-04 -2.439158e-03 -1.149317e-02 1.817528e-03 -2.499618e-02 1.648670e-02 -7.302947e-03 1.290011e-02 2.830972e-02 2.097629e-02 1.168602e-02 -1.905891e-02 -1.263981e-02 -2.046479e-03 -1.922826e-03 -2.598495e-03 -2.618002e-02
<VARIANCE> 39
 3.972867e-01 3.884309e-01 7.592938e-01 5.145072e-01 6.511109e-01 5.544042e-01 5.032530e-01 5.050818e-01 4.403251e-01 3.043096e-01 2.498518e-01 1.935149e-01 3.432110e-01 4.993446e-02 3.239956e-02 3.894548e-02 4.105123e-02 4.878850e-02 4.137728e-02 3.871445e-02 4.367582e-02 3.512542e-02 2.580715e-02 2.131763e-02 1.688213e-02 2.899308e-02 5.341312e-03 4.722668e-03 5.306387e-03 5.532520e-03 7.233623e-03 6.592203e-03 6.223919e-03 6.934906e-03 6.085584e-03 4.668131e-03 3.887715e-03 3.024291e-03 3.757202e-03
<GCONST> -5.198702e+01
<MIXTURE> 2 1.250000e-01
<MEAN> 39
 3.399933e-01 -3.396732e-02 2.002328e-01 -9.299098e-02 -4.059122e-01 -3.714410e-01 -2.142222e-01 1.139470e-01 7.047421e-02 4.124083e-02 2.438005e-02 1.049200e-02 4.710513e-01 7.059954e-02 -1.365035e-02 7.629898e-03 -1.635298e-02 -4.335082e-02 -1.477256e-02 -1.197445e-02 3.226051e-02 1.009727e-02 9.347542e-04 -2.439158e-03 -1.149317e-02 1.817528e-03 -2.499618e-02 1.648670e-02 -7.302947e-03 1.290011e-02 2.830972e-02 2.097629e-02 1.168602e-02 -1.905891e-02 -1.263981e-02 -2.046479e-03 -1.922826e-03 -2.598495e-03 -2.618002e-02
<VARIANCE> 39
 3.972867e-01 3.884309e-01 7.592938e-01 5.145072e-01 6.511109e-01 5.544042e-01 5.032530e-01 5.050818e-01 4.403251e-01 3.043096e-01 2.498518e-01 1.935149e-01 3.432110e-01 4.993446e-02 3.239956e-02 3.894548e-02 4.105123e-02 4.878850e-02 4.137728e-02 3.871445e-02 4.367582e-02 3.512542e-02 2.580715e-02 2.131763e-02 1.688213e-02 2.899308e-02 5.341312e-03 4.722668e-03 5.306387e-03 5.532520e-03 7.233623e-03 6.592203e-03 6.223919e-03 6.934906e-03 6.085584e-03 4.668131e-03 3.887715e-03 3.024291e-03 3.757202e-03
<GCONST> -5.198702e+01
<MIXTURE> 3 1.250000e-01
<MEAN> 39
 3.399933e-01 -3.396732e-02 2.002328e-01 -9.299098e-02 -4.059122e-01 -3.714410e-01 -2.142222e-01 1.139470e-01 7.047421e-02 4.124083e-02 2.438005e-02 1.049200e-02 4.710513e-01 7.059954e-02 -1.365035e-02 7.629898e-03 -1.635298e-02 -4.335082e-02 -1.477256e-02 -1.197445e-02 3.226051e-02 1.009727e-02 9.347542e-04 -2.439158e-03 -1.149317e-02 1.817528e-03 -2.499618e-02 1.648670e-02 -7.302947e-03 1.290011e-02 2.830972e-02 2.097629e-02 1.168602e-02 -1.905891e-02 -1.263981e-02 -2.046479e-03 -1.922826e-03 -2.598495e-03 -2.618002e-02
<VARIANCE> 39
 3.972867e-01 3.884309e-01 7.592938e-01 5.145072e-01 6.511109e-01 5.544042e-01 5.032530e-01 5.050818e-01 4.403251e-01 3.043096e-01 2.498518e-01 1.935149e-01 3.432110e-01 4.993446e-02 3.239956e-02 3.894548e-02 4.105123e-02 4.878850e-02 4.137728e-02 3.871445e-02 4.367582e-02 3.512542e-02 2.580715e-02 2.131763e-02 1.688213e-02 2.899308e-02 5.341312e-03 4.722668e-03 5.306387e-03 5.532520e-03 7.233623e-03 6.592203e-03 6.223919e-03 6.934906e-03 6.085584e-03 4.668131e-03 3.887715e-03 3.024291e-03 3.757202e-03
<GCONST> -5.198702e+01
<MIXTURE> 4 1.250000e-01
<MEAN> 39
 3.399933e-01 -3.396732e-02 2.002328e-01 -9.299098e-02 -4.059122e-01 -3.714410e-01 -2.142222e-01 1.139470e-01 7.047421e-02 4.124083e-02 2.438005e-02 1.049200e-02 4.710513e-01 7.059954e-02 -1.365035e-02 7.629898e-03 -1.635298e-02 -4.335082e-02 -1.477256e-02 -1.197445e-02 3.226051e-02 1.009727e-02 9.347542e-04 -2.439158e-03 -1.149317e-02 1.817528e-03 -2.499618e-02 1.648670e-02 -7.302947e-03 1.290011e-02 2.830972e-02 2.097629e-02 1.168602e-02 -1.905891e-02 -1.263981e-02 -2.046479e-03 -1.922826e-03 -2.598495e-03 -2.618002e-02
<VARIANCE> 39
 3.972867e-01 3.884309e-01 7.592938e-01 5.145072e-01 6.511109e-01 5.544042e-01 5.032530e-01 5.050818e-01 4.403251e-01 3.043096e-01 2.498518e-01 1.935149e-01 3.432110e-01 4.993446e-02 3.239956e-02 3.894548e-02 4.105123e-02 4.878850e-02 4.137728e-02 3.871445e-02 4.367582e-02 3.512542e-02 2.580715e-02 2.131763e-02 1.688213e-02 2.899308e-02 5.341312e-03 4.722668e-03 5.306387e-03 5.532520e-03 7.233623e-03 6.592203e-03 6.223919e-03 6.934906e-03 6.085584e-03 4.668131e-03 3.887715e-03 3.024291e-03 3.757202e-03
<GCONST> -5.198702e+01
<MIXTURE> 5 1.250000e-01
<MEAN> 39
 3.399933e-01 -3.396732e-02 2.002328e-01 -9.299098e-02 -4.059122e-01 -3.714410e-01 -2.142222e-01 1.139470e-01 7.047421e-02 4.124083e-02 2.438005e-02 1.049200e-02 4.710513e-01 7.059954e-02 -1.365035e-02 7.629898e-03 -1.635298e-02 -4.335082e-02 -1.477256e-02 -1.197445e-02 3.226051e-02 1.009727e-02 9.347542e-04 -2.439158e-03 -1.149317e-02 1.817528e-03 -2.499618e-02 1.648670e-02 -7.302947e-03 1.290011e-02 2.830972e-02 2.097629e-02 1.168602e-02 -1.905891e-02 -1.263981e-02 -2.046479e-03 -1.922826e-03 -2.598495e-03 -2.618002e-02
<VARIANCE> 39
 3.972867e-01 3.884309e-01 7.592938e-01 5.145072e-01 6.511109e-01 5.544042e-01 5.032530e-01 5.050818e-01 4.403251e-01 3.043096e-01 2.498518e-01 1.935149e-01 3.432110e-01 4.993446e-02 3.239956e-02 3.894548e-02 4.105123e-02 4.878850e-02 4.137728e-02 3.871445e-02 4.367582e-02 3.512542e-02 2.580715e-02 2.131763e-02 1.688213e-02 2.899308e-02 5.341312e-03 4.722668e-03 5.306387e-03 5.532520e-03 7.233623e-03 6.592203e-03 6.223919e-03 6.934906e-03 6.085584e-03 4.668131e-03 3.887715e-03 3.024291e-03 3.757202e-03
<GCONST> -5.198702e+01
<MIXTURE> 6 1.250000e-01
<MEAN> 39
 3.399933e-01 -3.396732e-02 2.002328e-01 -9.299098e-02 -4.059122e-01 -3.714410e-01 -2.142222e-01 1.139470e-01 7.047421e-02 4.124083e-02 2.438005e-02 1.049200e-02 4.710513e-01 7.059954e-02 -1.365035e-02 7.629898e-03 -1.635298e-02 -4.335082e-02 -1.477256e-02 -1.197445e-02 3.226051e-02 1.009727e-02 9.347542e-04 -2.439158e-03 -1.149317e-02 1.817528e-03 -2.499618e-02 1.648670e-02 -7.302947e-03 1.290011e-02 2.830972e-02 2.097629e-02 1.168602e-02 -1.905891e-02 -1.263981e-02 -2.046479e-03 -1.922826e-03 -2.598495e-03 -2.618002e-02
<VARIANCE> 39
 3.972867e-01 3.884309e-01 7.592938e-01 5.145072e-01 6.511109e-01 5.544042e-01 5.032530e-01 5.050818e-01 4.403251e-01 3.043096e-01 2.498518e-01 1.935149e-01 3.432110e-01 4.993446e-02 3.239956e-02 3.894548e-02 4.105123e-02 4.878850e-02 4.137728e-02 3.871445e-02 4.367582e-02 3.512542e-02 2.580715e-02 2.131763e-02 1.688213e-02 2.899308e-02 5.341312e-03 4.722668e-03 5.306387e-03 5.532520e-03 7.233623e-03 6.592203e-03 6.223919e-03 6.934906e-03 6.085584e-03 4.668131e-03 3.887715e-03 3.024291e-03 3.757202e-03
<GCONST> -5.198702e+01
<MIXTURE> 7 1.250000e-01
<MEAN> 39
 3.399933e-01 -3.396732e-02 2.002328e-01 -9.299098e-02 -4.059122e-01 -3.714410e-01 -2.142222e-01 1.139470e-01 7.047421e-02 4.124083e-02 2.438005e-02 1.049200e-02 4.710513e-01 7.059954e-02 -1.365035e-02 7.629898e-03 -1.635298e-02 -4.335082e-02 -1.477256e-02 -1.197445e-02 3.226051e-02 1.009727e-02 9.347542e-04 -2.439158e-03 -1.149317e-02 1.817528e-03 -2.499618e-02 1.648670e-02 -7.302947e-03 1.290011e-02 2.830972e-02 2.097629e-02 1.168602e-02 -1.905891e-02 -1.263981e-02 -2.046479e-03 -1.922826e-03 -2.598495e-03 -2.618002e-02
<VARIANCE> 39
 3.972867e-01 3.884309e-01 7.592938e-01 5.145072e-01 6.511109e-01 5.544042e-01 5.032530e-01 5.050818e-01 4.403251e-01 3.043096e-01 2.498518e-01 1.935149e-01 3.432110e-01 4.993446e-02 3.239956e-02 3.894548e-02 4.105123e-02 4.878850e-02 4.137728e-02 3.871445e-02 4.367582e-02 3.512542e-02 2.580715e-02 2.131763e-02 1.688213e-02 2.899308e-02 5.341312e-03 4.722668e-03 5.306387e-03 5.532520e-03 7.233623e-03 6.592203e-03 6.223919e-03 6.934906e-03 6.085584e-03 4.668131e-03 3.887715e-03 3.024291e-03 3.757202e-03
<GCONST> -5.198702e+01
<MIXTURE> 8 1.250000e-01
<MEAN> 39
 3.399933e-01 -3.396732e-02 2.002328e-01 -9.299098e-02 -4.059122e-01 -3.714410e-01 -2.142222e-01 1.139470e-01 7.047421e-02 4.124083e-02 2.438005e-02 1.049200e-02 4.710513e-01 7.059954e-02 -1.365035e-02 7.629898e-03 -1.635298e-02 -4.335082e-02 -1.477256e-02 -1.197445e-02 3.226051e-02 1.009727e-02 9.347542e-04 -2.439158e-03 -1.149317e-02 1.817528e-03 -2.499618e-02 1.648670e-02 -7.302947e-03 1.290011e-02 2.830972e-02 2.097629e-02 1.168602e-02 -1.905891e-02 -1.263981e-02 -2.046479e-03 -1.922826e-03 -2.598495e-03 -2.618002e-02
<VARIANCE> 39
 3.972867e-01 3.884309e-01 7.592938e-01 5.145072e-01 6.511109e-01 5.544042e-01 5.032530e-01 5.050818e-01 4.403251e-01 3.043096e-01 2.498518e-01 1.935149e-01 3.432110e-01 4.993446e-02 3.239956e-02 3.894548e-02 4.105123e-02 4.878850e-02 4.137728e-02 3.871445e-02 4.367582e-02 3.512542e-02 2.580715e-02 2.131763e-02 1.688213e-02 2.899308e-02 5.341312e-03 4.722668e-03 5.306387e-03 5.532520e-03 7.233623e-03 6.592203e-03 6.223919e-03 6.934906e-03 6.085584e-03 4.668131e-03 3.887715e-03 3.024291e-03 3.757202e-03
<GCONST> -5.198702e+01
<TRANSP> 14
 0.000000e+00 1.000000e+00 0.000000e+00 0.000000e+00 0.000000e+00 0.000000e+00 0.000000e+00 0.000000e+00 0.000000e+00 0.000000e+00 0.000000e+00 0.000000e+00 0.000000e+00 0.000000e+00
 0.000000e+00 5.702174e-01 4.297825e-01 0.000000e+00 0.000000e+00 0.000000e+00 0.000000e+00 0.000000e+00 0.000000e+00 0.000000e+00 0.000000e+00 0.000000e+00 0.000000e+00 0.000000e+00
 0.000000e+00 0.000000e+00 4.009047e-01 5.990953e-01 0.000000e+00 0.000000e+00 0.000000e+00 0.000000e+00 0.000000e+00 0.000000e+00 0.000000e+00 0.000000e+00 0.000000e+00 0.000000e+00
 0.000000e+00 0.000000e+00 0.000000e+00 7.210233e-01 2.789767e-01 0.000000e+00 0.000000e+00 0.000000e+00 0.000000e+00 0.000000e+00 0.000000e+00 0.000000e+00 0.000000e+00 0.000000e+00
 0.000000e+00 0.000000e+00 0.000000e+00 0.000000e+00 5.627825e-01 4.372175e-01 0.000000e+00 0.000000e+00 0.000000e+00 0.000000e+00 0.000000e+00 0.000000e+00 0.000000e+00 0.000000e+00
 0.000000e+00 0.000000e+00 0.000000e+00 0.000000e+00 0.000000e+00 5.529771e-01 4.470229e-01 0.000000e+00 0.000000e+00 0.000000e+00 0.000000e+00 0.000000e+00 0.000000e+00 0.000000e+00
 0.000000e+00 0.000000e+00 0.000000e+00 0.000000e+00 0.000000e+00 0.000000e+00 8.184003e-01 1.815997e-01 0.000000e+00 0.000000e+00 0.000000e+00 0.000000e+00 0.000000e+00 0.000000e+00
 0.000000e+00 0.000000e+00 0.000000e+00 0.000000e+00 0.000000e+00 0.000000e+00 0.000000e+00 4.962603e-01 5.037397e-01 0.000000e+00 0.000000e+00 0.000000e+00 0.000000e+00 0.000000e+00
 0.000000e+00 0.000000e+00 0.000000e+00 0.000000e+00 0.000000e+00 0.000000e+00 0.000000e+00 0.000000e+00 3.933027e-01 6.066973e-01 0.000000e+00 0.000000e+00 0.000000e+00 0.000000e+00
 0.000000e+00 0.000000e+00 0.000000e+00 0.000000e+00 0.000000e+00 0.000000e+00 0.000000e+00 0.000000e+00 0.000000e+00 5.371581e-01 4.628419e-01 0.000000e+00 0.000000e+00 0.000000e+00
 0.000000e+00 0.000000e+00 0.000000e+00 0.000000e+00 0.000000e+00 0.000000e+00 0.000000e+00 0.000000e+00 0.000000e+00 0.000000e+00 6.767851e-01 3.232148e-01 0.000000e+00 0.000000e+00
 0.000000e+00 0.000000e+00 0.000000e+00 0.000000e+00 0.000000e+00 0.000000e+00 0.000000e+00 0.000000e+00 0.000000e+00 0.000000e+00 0.000000e+00 5.716909e-01 4.283091e-01 0.000000e+00
 0.000000e+00 0.000000e+00 0.000000e+00 0.000000e+00 0.000000e+00 0.000000e+00 0.000000e+00 0.000000e+00 0.000000e+00 0.000000e+00 0.000000e+00 0.000000e+00 6.478482e-01 3.521518e-01
 0.000000e+00 0.000000e+00 0.000000e+00 0.000000e+00 0.000000e+00 0.000000e+00 0.000000e+00 0.000000e+00 0.000000e+00 0.000000e+00 0.000000e+00 0.000000e+00 0.000000e+00 0.000000e+00
<ENDHMM>