~o
<STREAMINFO> 1 39
<VECSIZE> 39<NULLD><PLP_D_A_Z_0><DIAGC>
~h "gss5"
<BEGINHMM>
<NUMSTATES> 17
<STATE> 2
<NUMMIXES> 8
<MIXTURE> 1 1.250000e-01
<MEAN> 39
 1.183908e-01 2.375445e-01 2.023092e-01 1.970460e-01 -9.779035e-02 -2.483239e-01 -1.307510e-01 -1.305207e-01 -7.578811e-02 4.242710e-02 -2.416425e-02 -3.260187e-02 -7.064745e-02 -7.134266e-02 -5.900670e-02 -3.090043e-02 -4.675998e-02 1.237048e-02 1.308587e-02 2.279485e-02 2.049364e-02 1.680187e-02 1.902866e-02 1.714731e-02 1.917298e-02 1.020730e-01 -1.653139e-02 -1.472855e-02 -7.906841e-03 -1.859381e-02 -1.727966e-03 1.130531e-02 9.733742e-03 8.938931e-03 3.134664e-03 2.913214e-03 4.861521e-03 3.690125e-03 2.884566e-02
<VARIANCE> 39
 6.176671e-01 4.669058e-01 6.056530e-01 4.720815e-01 5.949396e-01 4.806833e-01 4.010453e-01 4.242769e-01 3.805383e-01 2.961914e-01 2.302537e-01 1.815295e-01 5.935928e-01 6.961625e-02 5.227743e-02 5.214721e-02 5.413568e-02 6.351297e-02 4.979151e-02 4.208650e-02 4.681547e-02 3.774524e-02 3.112738e-02 2.509450e-02 1.938808e-02 7.855877e-02 7.883244e-03 7.998046e-03 7.434515e-03 7.960895e-03 9.625927e-03 8.390010e-03 7.159634e-03 8.041752e-03 6.799846e-03 5.701954e-03 4.610312e-03 3.467285e-03 1.151282e-02
<GCONST> -4.436988e+01
<MIXTURE> 2 1.250000e-01
<MEAN> 39
 1.183908e-01 2.375445e-01 2.023092e-01 1.970460e-01 -9.779035e-02 -2.483239e-01 -1.307510e-01 -1.305207e-01 -7.578811e-02 4.242710e-02 -2.416425e-02 -3.260187e-02 -7.064745e-02 -7.134266e-02 -5.900670e-02 -3.090043e-02 -4.675998e-02 1.237048e-02 1.308587e-02 2.279485e-02 2.049364e-02 1.680187e-02 1.902866e-02 1.714731e-02 1.917298e-02 1.020730e-01 -1.653139e-02 -1.472855e-02 -7.906841e-03 -1.859381e-02 -1.727966e-03 1.130531e-02 9.733742e-03 8.938931e-03 3.134664e-03 2.913214e-03 4.861521e-03 3.690125e-03 2.884566e-02
<VARIANCE> 39
 6.176671e-01 4.669058e-01 6.056530e-01 4.720815e-01 5.949396e-01 4.806833e-01 4.010453e-01 4.242769e-01 3.805383e-01 2.961914e-01 2.302537e-01 1.815295e-01 5.935928e-01 6.961625e-02 5.227743e-02 5.214721e-02 5.413568e-02 6.351297e-02 4.979151e-02 4.208650e-02 4.681547e-02 3.774524e-02 3.112738e-02 2.509450e-02 1.938808e-02 7.855877e-02 7.883244e-03 7.998046e-03 7.434515e-03 7.960895e-03 9.625927e-03 8.390010e-03 7.159634e-03 8.041752e-03 6.799846e-03 5.701954e-03 4.610312e-03 3.467285e-03 1.151282e-02
<GCONST> -4.436988e+01
<MIXTURE> 3 1.250000e-01
<MEAN> 39
 1.183908e-01 2.375445e-01 2.023092e-01 1.970460e-01 -9.779035e-02 -2.483239e-01 -1.307510e-01 -1.305207e-01 -7.578811e-02 4.242710e-02 -2.416425e-02 -3.260187e-02 -7.064745e-02 -7.134266e-02 -5.900670e-02 -3.090043e-02 -4.675998e-02 1.237048e-02 1.308587e-02 2.279485e-02 2.049364e-02 1.680187e-02 1.902866e-02 1.714731e-02 1.917298e-02 1.020730e-01 -1.653139e-02 -1.472855e-02 -7.906841e-03 -1.859381e-02 -1.727966e-03 1.130531e-02 9.733742e-03 8.938931e-03 3.134664e-03 2.913214e-03 4.861521e-03 3.690125e-03 2.884566e-02
<VARIANCE> 39
 6.176671e-01 4.669058e-01 6.056530e-01 4.720815e-01 5.949396e-01 4.806833e-01 4.010453e-01 4.242769e-01 3.805383e-01 2.961914e-01 2.302537e-01 1.815295e-01 5.935928e-01 6.961625e-02 5.227743e-02 5.214721e-02 5.413568e-02 6.351297e-02 4.979151e-02 4.208650e-02 4.681547e-02 3.774524e-02 3.112738e-02 2.509450e-02 1.938808e-02 7.855877e-02 7.883244e-03 7.998046e-03 7.434515e-03 7.960895e-03 9.625927e-03 8.390010e-03 7.159634e-03 8.041752e-03 6.799846e-03 5.701954e-03 4.610312e-03 3.467285e-03 1.151282e-02
<GCONST> -4.436988e+01
<MIXTURE> 4 1.250000e-01
<MEAN> 39
 1.183908e-01 2.375445e-01 2.023092e-01 1.970460e-01 -9.779035e-02 -2.483239e-01 -1.307510e-01 -1.305207e-01 -7.578811e-02 4.242710e-02 -2.416425e-02 -3.260187e-02 -7.064745e-02 -7.134266e-02 -5.900670e-02 -3.090043e-02 -4.675998e-02 1.237048e-02 1.308587e-02 2.279485e-02 2.049364e-02 1.680187e-02 1.902866e-02 1.714731e-02 1.917298e-02 1.020730e-01 -1.653139e-02 -1.472855e-02 -7.906841e-03 -1.859381e-02 -1.727966e-03 1.130531e-02 9.733742e-03 8.938931e-03 3.134664e-03 2.913214e-03 4.861521e-03 3.690125e-03 2.884566e-02
<VARIANCE> 39
 6.176671e-01 4.669058e-01 6.056530e-01 4.720815e-01 5.949396e-01 4.806833e-01 4.010453e-01 4.242769e-01 3.805383e-01 2.961914e-01 2.302537e-01 1.815295e-01 5.935928e-01 6.961625e-02 5.227743e-02 5.214721e-02 5.413568e-02 6.351297e-02 4.979151e-02 4.208650e-02 4.681547e-02 3.774524e-02 3.112738e-02 2.509450e-02 1.938808e-02 7.855877e-02 7.883244e-03 7.998046e-03 7.434515e-03 7.960895e-03 9.625927e-03 8.390010e-03 7.159634e-03 8.041752e-03 6.799846e-03 5.701954e-03 4.610312e-03 3.467285e-03 1.151282e-02
<GCONST> -4.436988e+01
<MIXTURE> 5 1.250000e-01
<MEAN> 39
 1.183908e-01 2.375445e-01 2.023092e-01 1.970460e-01 -9.779035e-02 -2.483239e-01 -1.307510e-01 -1.305207e-01 -7.578811e-02 4.242710e-02 -2.416425e-02 -3.260187e-02 -7.064745e-02 -7.134266e-02 -5.900670e-02 -3.090043e-02 -4.675998e-02 1.237048e-02 1.308587e-02 2.279485e-02 2.049364e-02 1.680187e-02 1.902866e-02 1.714731e-02 1.917298e-02 1.020730e-01 -1.653139e-02 -1.472855e-02 -7.906841e-03 -1.859381e-02 -1.727966e-03 1.130531e-02 9.733742e-03 8.938931e-03 3.134664e-03 2.913214e-03 4.861521e-03 3.690125e-03 2.884566e-02
<VARIANCE> 39
 6.176671e-01 4.669058e-01 6.056530e-01 4.720815e-01 5.949396e-01 4.806833e-01 4.010453e-01 4.242769e-01 3.805383e-01 2.961914e-01 2.302537e-01 1.815295e-01 5.935928e-01 6.961625e-02 5.227743e-02 5.214721e-02 5.413568e-02 6.351297e-02 4.979151e-02 4.208650e-02 4.681547e-02 3.774524e-02 3.112738e-02 2.509450e-02 1.938808e-02 7.855877e-02 7.883244e-03 7.998046e-03 7.434515e-03 7.960895e-03 9.625927e-03 8.390010e-03 7.159634e-03 8.041752e-03 6.799846e-03 5.701954e-03 4.610312e-03 3.467285e-03 1.151282e-02
<GCONST> -4.436988e+01
<MIXTURE> 6 1.250000e-01
<MEAN> 39
 1.183908e-01 2.375445e-01 2.023092e-01 1.970460e-01 -9.779035e-02 -2.483239e-01 -1.307510e-01 -1.305207e-01 -7.578811e-02 4.242710e-02 -2.416425e-02 -3.260187e-02 -7.064745e-02 -7.134266e-02 -5.900670e-02 -3.090043e-02 -4.675998e-02 1.237048e-02 1.308587e-02 2.279485e-02 2.049364e-02 1.680187e-02 1.902866e-02 1.714731e-02 1.917298e-02 1.020730e-01 -1.653139e-02 -1.472855e-02 -7.906841e-03 -1.859381e-02 -1.727966e-03 1.130531e-02 9.733742e-03 8.938931e-03 3.134664e-03 2.913214e-03 4.861521e-03 3.690125e-03 2.884566e-02
<VARIANCE> 39
 6.176671e-01 4.669058e-01 6.056530e-01 4.720815e-01 5.949396e-01 4.806833e-01 4.010453e-01 4.242769e-01 3.805383e-01 2.961914e-01 2.302537e-01 1.815295e-01 5.935928e-01 6.961625e-02 5.227743e-02 5.214721e-02 5.413568e-02 6.351297e-02 4.979151e-02 4.208650e-02 4.681547e-02 3.774524e-02 3.112738e-02 2.509450e-02 1.938808e-02 7.855877e-02 7.883244e-03 7.998046e-03 7.434515e-03 7.960895e-03 9.625927e-03 8.390010e-03 7.159634e-03 8.041752e-03 6.799846e-03 5.701954e-03 4.610312e-03 3.467285e-03 1.151282e-02
<GCONST> -4.436988e+01
<MIXTURE> 7 1.250000e-01
<MEAN> 39
 1.183908e-01 2.375445e-01 2.023092e-01 1.970460e-01 -9.779035e-02 -2.483239e-01 -1.307510e-01 -1.305207e-01 -7.578811e-02 4.242710e-02 -2.416425e-02 -3.260187e-02 -7.064745e-02 -7.134266e-02 -5.900670e-02 -3.090043e-02 -4.675998e-02 1.237048e-02 1.308587e-02 2.279485e-02 2.049364e-02 1.680187e-02 1.902866e-02 1.714731e-02 1.917298e-02 1.020730e-01 -1.653139e-02 -1.472855e-02 -7.906841e-03 -1.859381e-02 -1.727966e-03 1.130531e-02 9.733742e-03 8.938931e-03 3.134664e-03 2.913214e-03 4.861521e-03 3.690125e-03 2.884566e-02
<VARIANCE> 39
 6.176671e-01 4.669058e-01 6.056530e-01 4.720815e-01 5.949396e-01 4.806833e-01 4.010453e-01 4.242769e-01 3.805383e-01 2.961914e-01 2.302537e-01 1.815295e-01 5.935928e-01 6.961625e-02 5.227743e-02 5.214721e-02 5.413568e-02 6.351297e-02 4.979151e-02 4.208650e-02 4.681547e-02 3.774524e-02 3.112738e-02 2.509450e-02 1.938808e-02 7.855877e-02 7.883244e-03 7.998046e-03 7.434515e-03 7.960895e-03 9.625927e-03 8.390010e-03 7.159634e-03 8.041752e-03 6.799846e-03 5.701954e-03 4.610312e-03 3.467285e-03 1.151282e-02
<GCONST> -4.436988e+01
<MIXTURE> 8 1.250000e-01
<MEAN> 39
 1.183908e-01 2.375445e-01 2.023092e-01 1.970460e-01 -9.779035e-02 -2.483239e-01 -1.307510e-01 -1.305207e-01 -7.578811e-02 4.242710e-02 -2.416425e-02 -3.260187e-02 -7.064745e-02 -7.134266e-02 -5.900670e-02 -3.090043e-02 -4.675998e-02 1.237048e-02 1.308587e-02 2.279485e-02 2.049364e-02 1.680187e-02 1.902866e-02 1.714731e-02 1.917298e-02 1.020730e-01 -1.653139e-02 -1.472855e-02 -7.906841e-03 -1.859381e-02 -1.727966e-03 1.130531e-02 9.733742e-03 8.938931e-03 3.134664e-03 2.913214e-03 4.861521e-03 3.690125e-03 2.884566e-02
<VARIANCE> 39
 6.176671e-01 4.669058e-01 6.056530e-01 4.720815e-01 5.949396e-01 4.806833e-01 4.010453e-01 4.242769e-01 3.805383e-01 2.961914e-01 2.302537e-01 1.815295e-01 5.935928e-01 6.961625e-02 5.227743e-02 5.214721e-02 5.413568e-02 6.351297e-02 4.979151e-02 4.208650e-02 4.681547e-02 3.774524e-02 3.112738e-02 2.509450e-02 1.938808e-02 7.855877e-02 7.883244e-03 7.998046e-03 7.434515e-03 7.960895e-03 9.625927e-03 8.390010e-03 7.159634e-03 8.041752e-03 6.799846e-03 5.701954e-03 4.610312e-03 3.467285e-03 1.151282e-02
<GCONST> -4.436988e+01
<STATE> 3
<NUMMIXES> 8
<MIXTURE> 1 1.250000e-01
<MEAN> 39
 -4.393698e-01 -1.851525e-01 -9.372081e-02 -1.480287e-01 6.183467e-02 -5.932550e-02 1.000699e-01 5.213601e-02 6.044901e-02 1.755760e-01 7.369563e-02 9.131233e-02 4.861714e-01 -9.806089e-02 -7.155300e-02 -3.577931e-02 -8.103292e-02 3.937710e-03 5.037955e-02 5.604339e-02 3.408600e-02 1.304050e-02 7.615432e-03 2.120744e-02 1.833810e-02 1.576734e-01 5.272647e-02 3.527614e-02 1.594285e-02 2.703810e-02 -5.253255e-03 4.272957e-03 -1.475056e-02 -1.813264e-02 -1.629369e-02 -2.083715e-02 -1.030466e-02 -1.234291e-02 -5.571366e-02
<VARIANCE> 39
 8.583849e-01 5.331615e-01 6.700809e-01 5.242701e-01 6.205015e-01 4.708275e-01 4.328068e-01 4.100820e-01 3.338011e-01 2.949432e-01 1.994193e-01 1.601893e-01 2.838795e-01 5.456900e-02 3.719993e-02 3.799114e-02 3.724059e-02 4.178478e-02 3.924330e-02 3.313738e-02 3.369581e-02 3.088231e-02 2.434328e-02 1.874048e-02 1.467863e-02 3.908852e-02 9.895568e-03 7.279671e-03 7.956656e-03 7.793086e-03 9.128935e-03 7.907057e-03 7.164363e-03 7.915614e-03 6.472759e-03 5.501558e-03 4.078413e-03 3.185175e-03 6.237349e-03
<GCONST> -4.984745e+01
<MIXTURE> 2 1.250000e-01
<MEAN> 39
 -4.393698e-01 -1.851525e-01 -9.372081e-02 -1.480287e-01 6.183467e-02 -5.932550e-02 1.000699e-01 5.213601e-02 6.044901e-02 1.755760e-01 7.369563e-02 9.131233e-02 4.861714e-01 -9.806089e-02 -7.155300e-02 -3.577931e-02 -8.103292e-02 3.937710e-03 5.037955e-02 5.604339e-02 3.408600e-02 1.304050e-02 7.615432e-03 2.120744e-02 1.833810e-02 1.576734e-01 5.272647e-02 3.527614e-02 1.594285e-02 2.703810e-02 -5.253255e-03 4.272957e-03 -1.475056e-02 -1.813264e-02 -1.629369e-02 -2.083715e-02 -1.030466e-02 -1.234291e-02 -5.571366e-02
<VARIANCE> 39
 8.583849e-01 5.331615e-01 6.700809e-01 5.242701e-01 6.205015e-01 4.708275e-01 4.328068e-01 4.100820e-01 3.338011e-01 2.949432e-01 1.994193e-01 1.601893e-01 2.838795e-01 5.456900e-02 3.719993e-02 3.799114e-02 3.724059e-02 4.178478e-02 3.924330e-02 3.313738e-02 3.369581e-02 3.088231e-02 2.434328e-02 1.874048e-02 1.467863e-02 3.908852e-02 9.895568e-03 7.279671e-03 7.956656e-03 7.793086e-03 9.128935e-03 7.907057e-03 7.164363e-03 7.915614e-03 6.472759e-03 5.501558e-03 4.078413e-03 3.185175e-03 6.237349e-03
<GCONST> -4.984745e+01
<MIXTURE> 3 1.250000e-01
<MEAN> 39
 -4.393698e-01 -1.851525e-01 -9.372081e-02 -1.480287e-01 6.183467e-02 -5.932550e-02 1.000699e-01 5.213601e-02 6.044901e-02 1.755760e-01 7.369563e-02 9.131233e-02 4.861714e-01 -9.806089e-02 -7.155300e-02 -3.577931e-02 -8.103292e-02 3.937710e-03 5.037955e-02 5.604339e-02 3.408600e-02 1.304050e-02 7.615432e-03 2.120744e-02 1.833810e-02 1.576734e-01 5.272647e-02 3.527614e-02 1.594285e-02 2.703810e-02 -5.253255e-03 4.272957e-03 -1.475056e-02 -1.813264e-02 -1.629369e-02 -2.083715e-02 -1.030466e-02 -1.234291e-02 -5.571366e-02
<VARIANCE> 39
 8.583849e-01 5.331615e-01 6.700809e-01 5.242701e-01 6.205015e-01 4.708275e-01 4.328068e-01 4.100820e-01 3.338011e-01 2.949432e-01 1.994193e-01 1.601893e-01 2.838795e-01 5.456900e-02 3.719993e-02 3.799114e-02 3.724059e-02 4.178478e-02 3.924330e-02 3.313738e-02 3.369581e-02 3.088231e-02 2.434328e-02 1.874048e-02 1.467863e-02 3.908852e-02 9.895568e-03 7.279671e-03 7.956656e-03 7.793086e-03 9.128935e-03 7.907057e-03 7.164363e-03 7.915614e-03 6.472759e-03 5.501558e-03 4.078413e-03 3.185175e-03 6.237349e-03
<GCONST> -4.984745e+01
<MIXTURE> 4 1.250000e-01
<MEAN> 39
 -4.393698e-01 -1.851525e-01 -9.372081e-02 -1.480287e-01 6.183467e-02 -5.932550e-02 1.000699e-01 5.213601e-02 6.044901e-02 1.755760e-01 7.369563e-02 9.131233e-02 4.861714e-01 -9.806089e-02 -7.155300e-02 -3.577931e-02 -8.103292e-02 3.937710e-03 5.037955e-02 5.604339e-02 3.408600e-02 1.304050e-02 7.615432e-03 2.120744e-02 1.833810e-02 1.576734e-01 5.272647e-02 3.527614e-02 1.594285e-02 2.703810e-02 -5.253255e-03 4.272957e-03 -1.475056e-02 -1.813264e-02 -1.629369e-02 -2.083715e-02 -1.030466e-02 -1.234291e-02 -5.571366e-02
<VARIANCE> 39
 8.583849e-01 5.331615e-01 6.700809e-01 5.242701e-01 6.205015e-01 4.708275e-01 4.328068e-01 4.100820e-01 3.338011e-01 2.949432e-01 1.994193e-01 1.601893e-01 2.838795e-01 5.456900e-02 3.719993e-02 3.799114e-02 3.724059e-02 4.178478e-02 3.924330e-02 3.313738e-02 3.369581e-02 3.088231e-02 2.434328e-02 1.874048e-02 1.467863e-02 3.908852e-02 9.895568e-03 7.279671e-03 7.956656e-03 7.793086e-03 9.128935e-03 7.907057e-03 7.164363e-03 7.915614e-03 6.472759e-03 5.501558e-03 4.078413e-03 3.185175e-03 6.237349e-03
<GCONST> -4.984745e+01
<MIXTURE> 5 1.250000e-01
<MEAN> 39
 -4.393698e-01 -1.851525e-01 -9.372081e-02 -1.480287e-01 6.183467e-02 -5.932550e-02 1.000699e-01 5.213601e-02 6.044901e-02 1.755760e-01 7.369563e-02 9.131233e-02 4.861714e-01 -9.806089e-02 -7.155300e-02 -3.577931e-02 -8.103292e-02 3.937710e-03 5.037955e-02 5.604339e-02 3.408600e-02 1.304050e-02 7.615432e-03 2.120744e-02 1.833810e-02 1.576734e-01 5.272647e-02 3.527614e-02 1.594285e-02 2.703810e-02 -5.253255e-03 4.272957e-03 -1.475056e-02 -1.813264e-02 -1.629369e-02 -2.083715e-02 -1.030466e-02 -1.234291e-02 -5.571366e-02
<VARIANCE> 39
 8.583849e-01 5.331615e-01 6.700809e-01 5.242701e-01 6.205015e-01 4.708275e-01 4.328068e-01 4.100820e-01 3.338011e-01 2.949432e-01 1.994193e-01 1.601893e-01 2.838795e-01 5.456900e-02 3.719993e-02 3.799114e-02 3.724059e-02 4.178478e-02 3.924330e-02 3.313738e-02 3.369581e-02 3.088231e-02 2.434328e-02 1.874048e-02 1.467863e-02 3.908852e-02 9.895568e-03 7.279671e-03 7.956656e-03 7.793086e-03 9.128935e-03 7.907057e-03 7.164363e-03 7.915614e-03 6.472759e-03 5.501558e-03 4.078413e-03 3.185175e-03 6.237349e-03
<GCONST> -4.984745e+01
<MIXTURE> 6 1.250000e-01
<MEAN> 39
 -4.393698e-01 -1.851525e-01 -9.372081e-02 -1.480287e-01 6.183467e-02 -5.932550e-02 1.000699e-01 5.213601e-02 6.044901e-02 1.755760e-01 7.369563e-02 9.131233e-02 4.861714e-01 -9.806089e-02 -7.155300e-02 -3.577931e-02 -8.103292e-02 3.937710e-03 5.037955e-02 5.604339e-02 3.408600e-02 1.304050e-02 7.615432e-03 2.120744e-02 1.833810e-02 1.576734e-01 5.272647e-02 3.527614e-02 1.594285e-02 2.703810e-02 -5.253255e-03 4.272957e-03 -1.475056e-02 -1.813264e-02 -1.629369e-02 -2.083715e-02 -1.030466e-02 -1.234291e-02 -5.571366e-02
<VARIANCE> 39
 8.583849e-01 5.331615e-01 6.700809e-01 5.242701e-01 6.205015e-01 4.708275e-01 4.328068e-01 4.100820e-01 3.338011e-01 2.949432e-01 1.994193e-01 1.601893e-01 2.838795e-01 5.456900e-02 3.719993e-02 3.799114e-02 3.724059e-02 4.178478e-02 3.924330e-02 3.313738e-02 3.369581e-02 3.088231e-02 2.434328e-02 1.874048e-02 1.467863e-02 3.908852e-02 9.895568e-03 7.279671e-03 7.956656e-03 7.793086e-03 9.128935e-03 7.907057e-03 7.164363e-03 7.915614e-03 6.472759e-03 5.501558e-03 4.078413e-03 3.185175e-03 6.237349e-03
<GCONST> -4.984745e+01
<MIXTURE> 7 1.250000e-01
<MEAN> 39
 -4.393698e-01 -1.851525e-01 -9.372081e-02 -1.480287e-01 6.183467e-02 -5.932550e-02 1.000699e-01 5.213601e-02 6.044901e-02 1.755760e-01 7.369563e-02 9.131233e-02 4.861714e-01 -9.806089e-02 -7.155300e-02 -3.577931e-02 -8.103292e-02 3.937710e-03 5.037955e-02 5.604339e-02 3.408600e-02 1.304050e-02 7.615432e-03 2.120744e-02 1.833810e-02 1.576734e-01 5.272647e-02 3.527614e-02 1.594285e-02 2.703810e-02 -5.253255e-03 4.272957e-03 -1.475056e-02 -1.813264e-02 -1.629369e-02 -2.083715e-02 -1.030466e-02 -1.234291e-02 -5.571366e-02
<VARIANCE> 39
 8.583849e-01 5.331615e-01 6.700809e-01 5.242701e-01 6.205015e-01 4.708275e-01 4.328068e-01 4.100820e-01 3.338011e-01 2.949432e-01 1.994193e-01 1.601893e-01 2.838795e-01 5.456900e-02 3.719993e-02 3.799114e-02 3.724059e-02 4.178478e-02 3.924330e-02 3.313738e-02 3.369581e-02 3.088231e-02 2.434328e-02 1.874048e-02 1.467863e-02 3.908852e-02 9.895568e-03 7.279671e-03 7.956656e-03 7.793086e-03 9.128935e-03 7.907057e-03 7.164363e-03 7.915614e-03 6.472759e-03 5.501558e-03 4.078413e-03 3.185175e-03 6.237349e-03
<GCONST> -4.984745e+01
<MIXTURE> 8 1.250000e-01
<MEAN> 39
 -4.393698e-01 -1.851525e-01 -9.372081e-02 -1.480287e-01 6.183467e-02 -5.932550e-02 1.000699e-01 5.213601e-02 6.044901e-02 1.755760e-01 7.369563e-02 9.131233e-02 4.861714e-01 -9.806089e-02 -7.155300e-02 -3.577931e-02 -8.103292e-02 3.937710e-03 5.037955e-02 5.604339e-02 3.408600e-02 1.304050e-02 7.615432e-03 2.120744e-02 1.833810e-02 1.576734e-01 5.272647e-02 3.527614e-02 1.594285e-02 2.703810e-02 -5.253255e-03 4.272957e-03 -1.475056e-02 -1.813264e-02 -1.629369e-02 -2.083715e-02 -1.030466e-02 -1.234291e-02 -5.571366e-02
<VARIANCE> 39
 8.583849e-01 5.331615e-01 6.700809e-01 5.242701e-01 6.205015e-01 4.708275e-01 4.328068e-01 4.100820e-01 3.338011e-01 2.949432e-01 1.994193e-01 1.601893e-01 2.838795e-01 5.456900e-02 3.719993e-02 3.799114e-02 3.724059e-02 4.178478e-02 3.924330e-02 3.313738e-02 3.369581e-02 3.088231e-02 2.434328e-02 1.874048e-02 1.467863e-02 3.908852e-02 9.895568e-03 7.279671e-03 7.956656e-03 7.793086e-03 9.128935e-03 7.907057e-03 7.164363e-03 7.915614e-03 6.472759e-03 5.501558e-03 4.078413e-03 3.185175e-03 6.237349e-03
<GCONST> -4.984745e+01
<STATE> 4
<NUMMIXES> 8
<MIXTURE> 1 1.250000e-01
<MEAN> 39
 -1.135425e+00 1.329044e-01 -1.800275e-01 3.088021e-02 3.044320e-01 3.840239e-02 1.982760e-01 -1.454182e-02 2.080067e-02 8.848576e-02 8.696535e-02 1.370476e-01 3.080703e-01 4.212455e-02 -2.539817e-02 -1.663387e-03 -9.993386e-03 -6.005450e-03 2.484666e-02 3.583461e-03 -5.748274e-03 -1.059859e-02 -1.493621e-02 -2.162810e-03 -3.940606e-03 9.697722e-03 6.764191e-02 5.895374e-03 8.944550e-03 1.570290e-03 -1.667137e-02 -1.197987e-02 -1.867800e-02 -3.313403e-03 -2.728645e-03 -8.231062e-03 -7.257404e-03 -7.576664e-03 -9.181979e-04
<VARIANCE> 39
 1.050781e+00 6.682090e-01 5.077631e-01 4.715352e-01 5.170731e-01 3.705648e-01 3.303922e-01 2.885483e-01 2.428273e-01 1.957508e-01 1.507231e-01 1.203663e-01 2.906103e-01 3.682486e-02 2.299899e-02 2.226149e-02 2.161912e-02 2.456098e-02 2.461534e-02 2.157256e-02 2.176825e-02 2.030922e-02 1.653845e-02 1.237928e-02 9.060962e-03 1.742238e-02 6.313007e-03 4.826265e-03 4.007684e-03 4.588522e-03 4.921899e-03 4.405755e-03 4.506958e-03 4.427714e-03 4.010057e-03 3.252007e-03 2.513796e-03 1.927381e-03 4.203195e-03
<GCONST> -6.515241e+01
<MIXTURE> 2 1.250000e-01
<MEAN> 39
 -1.135425e+00 1.329044e-01 -1.800275e-01 3.088021e-02 3.044320e-01 3.840239e-02 1.982760e-01 -1.454182e-02 2.080067e-02 8.848576e-02 8.696535e-02 1.370476e-01 3.080703e-01 4.212455e-02 -2.539817e-02 -1.663387e-03 -9.993386e-03 -6.005450e-03 2.484666e-02 3.583461e-03 -5.748274e-03 -1.059859e-02 -1.493621e-02 -2.162810e-03 -3.940606e-03 9.697722e-03 6.764191e-02 5.895374e-03 8.944550e-03 1.570290e-03 -1.667137e-02 -1.197987e-02 -1.867800e-02 -3.313403e-03 -2.728645e-03 -8.231062e-03 -7.257404e-03 -7.576664e-03 -9.181979e-04
<VARIANCE> 39
 1.050781e+00 6.682090e-01 5.077631e-01 4.715352e-01 5.170731e-01 3.705648e-01 3.303922e-01 2.885483e-01 2.428273e-01 1.957508e-01 1.507231e-01 1.203663e-01 2.906103e-01 3.682486e-02 2.299899e-02 2.226149e-02 2.161912e-02 2.456098e-02 2.461534e-02 2.157256e-02 2.176825e-02 2.030922e-02 1.653845e-02 1.237928e-02 9.060962e-03 1.742238e-02 6.313007e-03 4.826265e-03 4.007684e-03 4.588522e-03 4.921899e-03 4.405755e-03 4.506958e-03 4.427714e-03 4.010057e-03 3.252007e-03 2.513796e-03 1.927381e-03 4.203195e-03
<GCONST> -6.515241e+01
<MIXTURE> 3 1.250000e-01
<MEAN> 39
 -1.135425e+00 1.329044e-01 -1.800275e-01 3.088021e-02 3.044320e-01 3.840239e-02 1.982760e-01 -1.454182e-02 2.080067e-02 8.848576e-02 8.696535e-02 1.370476e-01 3.080703e-01 4.212455e-02 -2.539817e-02 -1.663387e-03 -9.993386e-03 -6.005450e-03 2.484666e-02 3.583461e-03 -5.748274e-03 -1.059859e-02 -1.493621e-02 -2.162810e-03 -3.940606e-03 9.697722e-03 6.764191e-02 5.895374e-03 8.944550e-03 1.570290e-03 -1.667137e-02 -1.197987e-02 -1.867800e-02 -3.313403e-03 -2.728645e-03 -8.231062e-03 -7.257404e-03 -7.576664e-03 -9.181979e-04
<VARIANCE> 39
 1.050781e+00 6.682090e-01 5.077631e-01 4.715352e-01 5.170731e-01 3.705648e-01 3.303922e-01 2.885483e-01 2.428273e-01 1.957508e-01 1.507231e-01 1.203663e-01 2.906103e-01 3.682486e-02 2.299899e-02 2.226149e-02 2.161912e-02 2.456098e-02 2.461534e-02 2.157256e-02 2.176825e-02 2.030922e-02 1.653845e-02 1.237928e-02 9.060962e-03 1.742238e-02 6.313007e-03 4.826265e-03 4.007684e-03 4.588522e-03 4.921899e-03 4.405755e-03 4.506958e-03 4.427714e-03 4.010057e-03 3.252007e-03 2.513796e-03 1.927381e-03 4.203195e-03
<GCONST> -6.515241e+01
<MIXTURE> 4 1.250000e-01
<MEAN> 39
 -1.135425e+00 1.329044e-01 -1.800275e-01 3.088021e-02 3.044320e-01 3.840239e-02 1.982760e-01 -1.454182e-02 2.080067e-02 8.848576e-02 8.696535e-02 1.370476e-01 3.080703e-01 4.212455e-02 -2.539817e-02 -1.663387e-03 -9.993386e-03 -6.005450e-03 2.484666e-02 3.583461e-03 -5.748274e-03 -1.059859e-02 -1.493621e-02 -2.162810e-03 -3.940606e-03 9.697722e-03 6.764191e-02 5.895374e-03 8.944550e-03 1.570290e-03 -1.667137e-02 -1.197987e-02 -1.867800e-02 -3.313403e-03 -2.728645e-03 -8.231062e-03 -7.257404e-03 -7.576664e-03 -9.181979e-04
<VARIANCE> 39
 1.050781e+00 6.682090e-01 5.077631e-01 4.715352e-01 5.170731e-01 3.705648e-01 3.303922e-01 2.885483e-01 2.428273e-01 1.957508e-01 1.507231e-01 1.203663e-01 2.906103e-01 3.682486e-02 2.299899e-02 2.226149e-02 2.161912e-02 2.456098e-02 2.461534e-02 2.157256e-02 2.176825e-02 2.030922e-02 1.653845e-02 1.237928e-02 9.060962e-03 1.742238e-02 6.313007e-03 4.826265e-03 4.007684e-03 4.588522e-03 4.921899e-03 4.405755e-03 4.506958e-03 4.427714e-03 4.010057e-03 3.252007e-03 2.513796e-03 1.927381e-03 4.203195e-03
<GCONST> -6.515241e+01
<MIXTURE> 5 1.250000e-01
<MEAN> 39
 -1.135425e+00 1.329044e-01 -1.800275e-01 3.088021e-02 3.044320e-01 3.840239e-02 1.982760e-01 -1.454182e-02 2.080067e-02 8.848576e-02 8.696535e-02 1.370476e-01 3.080703e-01 4.212455e-02 -2.539817e-02 -1.663387e-03 -9.993386e-03 -6.005450e-03 2.484666e-02 3.583461e-03 -5.748274e-03 -1.059859e-02 -1.493621e-02 -2.162810e-03 -3.940606e-03 9.697722e-03 6.764191e-02 5.895374e-03 8.944550e-03 1.570290e-03 -1.667137e-02 -1.197987e-02 -1.867800e-02 -3.313403e-03 -2.728645e-03 -8.231062e-03 -7.257404e-03 -7.576664e-03 -9.181979e-04
<VARIANCE> 39
 1.050781e+00 6.682090e-01 5.077631e-01 4.715352e-01 5.170731e-01 3.705648e-01 3.303922e-01 2.885483e-01 2.428273e-01 1.957508e-01 1.507231e-01 1.203663e-01 2.906103e-01 3.682486e-02 2.299899e-02 2.226149e-02 2.161912e-02 2.456098e-02 2.461534e-02 2.157256e-02 2.176825e-02 2.030922e-02 1.653845e-02 1.237928e-02 9.060962e-03 1.742238e-02 6.313007e-03 4.826265e-03 4.007684e-03 4.588522e-03 4.921899e-03 4.405755e-03 4.506958e-03 4.427714e-03 4.010057e-03 3.252007e-03 2.513796e-03 1.927381e-03 4.203195e-03
<GCONST> -6.515241e+01
<MIXTURE> 6 1.250000e-01
<MEAN> 39
 -1.135425e+00 1.329044e-01 -1.800275e-01 3.088021e-02 3.044320e-01 3.840239e-02 1.982760e-01 -1.454182e-02 2.080067e-02 8.848576e-02 8.696535e-02 1.370476e-01 3.080703e-01 4.212455e-02 -2.539817e-02 -1.663387e-03 -9.993386e-03 -6.005450e-03 2.484666e-02 3.583461e-03 -5.748274e-03 -1.059859e-02 -1.493621e-02 -2.162810e-03 -3.940606e-03 9.697722e-03 6.764191e-02 5.895374e-03 8.944550e-03 1.570290e-03 -1.667137e-02 -1.197987e-02 -1.867800e-02 -3.313403e-03 -2.728645e-03 -8.231062e-03 -7.257404e-03 -7.576664e-03 -9.181979e-04
<VARIANCE> 39
 1.050781e+00 6.682090e-01 5.077631e-01 4.715352e-01 5.170731e-01 3.705648e-01 3.303922e-01 2.885483e-01 2.428273e-01 1.957508e-01 1.507231e-01 1.203663e-01 2.906103e-01 3.682486e-02 2.299899e-02 2.226149e-02 2.161912e-02 2.456098e-02 2.461534e-02 2.157256e-02 2.176825e-02 2.030922e-02 1.653845e-02 1.237928e-02 9.060962e-03 1.742238e-02 6.313007e-03 4.826265e-03 4.007684e-03 4.588522e-03 4.921899e-03 4.405755e-03 4.506958e-03 4.427714e-03 4.010057e-03 3.252007e-03 2.513796e-03 1.927381e-03 4.203195e-03
<GCONST> -6.515241e+01
<MIXTURE> 7 1.250000e-01
<MEAN> 39
 -1.135425e+00 1.329044e-01 -1.800275e-01 3.088021e-02 3.044320e-01 3.840239e-02 1.982760e-01 -1.454182e-02 2.080067e-02 8.848576e-02 8.696535e-02 1.370476e-01 3.080703e-01 4.212455e-02 -2.539817e-02 -1.663387e-03 -9.993386e-03 -6.005450e-03 2.484666e-02 3.583461e-03 -5.748274e-03 -1.059859e-02 -1.493621e-02 -2.162810e-03 -3.940606e-03 9.697722e-03 6.764191e-02 5.895374e-03 8.944550e-03 1.570290e-03 -1.667137e-02 -1.197987e-02 -1.867800e-02 -3.313403e-03 -2.728645e-03 -8.231062e-03 -7.257404e-03 -7.576664e-03 -9.181979e-04
<VARIANCE> 39
 1.050781e+00 6.682090e-01 5.077631e-01 4.715352e-01 5.170731e-01 3.705648e-01 3.303922e-01 2.885483e-01 2.428273e-01 1.957508e-01 1.507231e-01 1.203663e-01 2.906103e-01 3.682486e-02 2.299899e-02 2.226149e-02 2.161912e-02 2.456098e-02 2.461534e-02 2.157256e-02 2.176825e-02 2.030922e-02 1.653845e-02 1.237928e-02 9.060962e-03 1.742238e-02 6.313007e-03 4.826265e-03 4.007684e-03 4.588522e-03 4.921899e-03 4.405755e-03 4.506958e-03 4.427714e-03 4.010057e-03 3.252007e-03 2.513796e-03 1.927381e-03 4.203195e-03
<GCONST> -6.515241e+01
<MIXTURE> 8 1.250000e-01
<MEAN> 39
 -1.135425e+00 1.329044e-01 -1.800275e-01 3.088021e-02 3.044320e-01 3.840239e-02 1.982760e-01 -1.454182e-02 2.080067e-02 8.848576e-02 8.696535e-02 1.370476e-01 3.080703e-01 4.212455e-02 -2.539817e-02 -1.663387e-03 -9.993386e-03 -6.005450e-03 2.484666e-02 3.583461e-03 -5.748274e-03 -1.059859e-02 -1.493621e-02 -2.162810e-03 -3.940606e-03 9.697722e-03 6.764191e-02 5.895374e-03 8.944550e-03 1.570290e-03 -1.667137e-02 -1.197987e-02 -1.867800e-02 -3.313403e-03 -2.728645e-03 -8.231062e-03 -7.257404e-03 -7.576664e-03 -9.181979e-04
<VARIANCE> 39
 1.050781e+00 6.682090e-01 5.077631e-01 4.715352e-01 5.170731e-01 3.705648e-01 3.303922e-01 2.885483e-01 2.428273e-01 1.957508e-01 1.507231e-01 1.203663e-01 2.906103e-01 3.682486e-02 2.299899e-02 2.226149e-02 2.161912e-02 2.456098e-02 2.461534e-02 2.157256e-02 2.176825e-02 2.030922e-02 1.653845e-02 1.237928e-02 9.060962e-03 1.742238e-02 6.313007e-03 4.826265e-03 4.007684e-03 4.588522e-03 4.921899e-03 4.405755e-03 4.506958e-03 4.427714e-03 4.010057e-03 3.252007e-03 2.513796e-03 1.927381e-03 4.203195e-03
<GCONST> -6.515241e+01
<STATE> 5
<NUMMIXES> 8
<MIXTURE> 1 1.250000e-01
<MEAN> 39
 -8.271362e-02 -4.478315e-02 5.677658e-02 -6.441791e-02 2.656056e-02 6.339832e-02 8.706334e-02 -1.402123e-01 -1.452799e-01 -4.355658e-02 4.947498e-03 6.731096e-02 4.440622e-01 3.027925e-01 4.751937e-03 -1.343790e-02 -5.948192e-02 -1.021867e-01 -2.550667e-02 -7.841288e-02 4.746962e-03 -5.101136e-03 -4.305043e-02 -9.995648e-03 -3.206380e-02 1.207485e-01 9.294901e-03 -2.226178e-02 -3.077082e-02 -1.570388e-02 -1.021567e-02 -3.944729e-03 -1.301710e-02 2.471896e-02 2.781068e-02 1.584362e-02 9.795797e-03 -1.011059e-02 1.452340e-02
<VARIANCE> 39
 6.229256e-01 4.804792e-01 6.298656e-01 5.425931e-01 6.251118e-01 5.049546e-01 4.145657e-01 4.072626e-01 3.407667e-01 2.624952e-01 2.055094e-01 1.479817e-01 2.917675e-01 6.572136e-02 4.247573e-02 3.734073e-02 4.224693e-02 4.650190e-02 4.461731e-02 3.707449e-02 4.049514e-02 3.423301e-02 2.669042e-02 2.154367e-02 1.649759e-02 2.025914e-02 6.320258e-03 5.930461e-03 4.840449e-03 6.026024e-03 6.375665e-03 6.243652e-03 5.451124e-03 6.241217e-03 5.270332e-03 4.299938e-03 3.534404e-03 2.556070e-03 4.182551e-03
<GCONST> -5.336539e+01
<MIXTURE> 2 1.250000e-01
<MEAN> 39
 -8.271362e-02 -4.478315e-02 5.677658e-02 -6.441791e-02 2.656056e-02 6.339832e-02 8.706334e-02 -1.402123e-01 -1.452799e-01 -4.355658e-02 4.947498e-03 6.731096e-02 4.440622e-01 3.027925e-01 4.751937e-03 -1.343790e-02 -5.948192e-02 -1.021867e-01 -2.550667e-02 -7.841288e-02 4.746962e-03 -5.101136e-03 -4.305043e-02 -9.995648e-03 -3.206380e-02 1.207485e-01 9.294901e-03 -2.226178e-02 -3.077082e-02 -1.570388e-02 -1.021567e-02 -3.944729e-03 -1.301710e-02 2.471896e-02 2.781068e-02 1.584362e-02 9.795797e-03 -1.011059e-02 1.452340e-02
<VARIANCE> 39
 6.229256e-01 4.804792e-01 6.298656e-01 5.425931e-01 6.251118e-01 5.049546e-01 4.145657e-01 4.072626e-01 3.407667e-01 2.624952e-01 2.055094e-01 1.479817e-01 2.917675e-01 6.572136e-02 4.247573e-02 3.734073e-02 4.224693e-02 4.650190e-02 4.461731e-02 3.707449e-02 4.049514e-02 3.423301e-02 2.669042e-02 2.154367e-02 1.649759e-02 2.025914e-02 6.320258e-03 5.930461e-03 4.840449e-03 6.026024e-03 6.375665e-03 6.243652e-03 5.451124e-03 6.241217e-03 5.270332e-03 4.299938e-03 3.534404e-03 2.556070e-03 4.182551e-03
<GCONST> -5.336539e+01
<MIXTURE> 3 1.250000e-01
<MEAN> 39
 -8.271362e-02 -4.478315e-02 5.677658e-02 -6.441791e-02 2.656056e-02 6.339832e-02 8.706334e-02 -1.402123e-01 -1.452799e-01 -4.355658e-02 4.947498e-03 6.731096e-02 4.440622e-01 3.027925e-01 4.751937e-03 -1.343790e-02 -5.948192e-02 -1.021867e-01 -2.550667e-02 -7.841288e-02 4.746962e-03 -5.101136e-03 -4.305043e-02 -9.995648e-03 -3.206380e-02 1.207485e-01 9.294901e-03 -2.226178e-02 -3.077082e-02 -1.570388e-02 -1.021567e-02 -3.944729e-03 -1.301710e-02 2.471896e-02 2.781068e-02 1.584362e-02 9.795797e-03 -1.011059e-02 1.452340e-02
<VARIANCE> 39
 6.229256e-01 4.804792e-01 6.298656e-01 5.425931e-01 6.251118e-01 5.049546e-01 4.145657e-01 4.072626e-01 3.407667e-01 2.624952e-01 2.055094e-01 1.479817e-01 2.917675e-01 6.572136e-02 4.247573e-02 3.734073e-02 4.224693e-02 4.650190e-02 4.461731e-02 3.707449e-02 4.049514e-02 3.423301e-02 2.669042e-02 2.154367e-02 1.649759e-02 2.025914e-02 6.320258e-03 5.930461e-03 4.840449e-03 6.026024e-03 6.375665e-03 6.243652e-03 5.451124e-03 6.241217e-03 5.270332e-03 4.299938e-03 3.534404e-03 2.556070e-03 4.182551e-03
<GCONST> -5.336539e+01
<MIXTURE> 4 1.250000e-01
<MEAN> 39
 -8.271362e-02 -4.478315e-02 5.677658e-02 -6.441791e-02 2.656056e-02 6.339832e-02 8.706334e-02 -1.402123e-01 -1.452799e-01 -4.355658e-02 4.947498e-03 6.731096e-02 4.440622e-01 3.027925e-01 4.751937e-03 -1.343790e-02 -5.948192e-02 -1.021867e-01 -2.550667e-02 -7.841288e-02 4.746962e-03 -5.101136e-03 -4.305043e-02 -9.995648e-03 -3.206380e-02 1.207485e-01 9.294901e-03 -2.226178e-02 -3.077082e-02 -1.570388e-02 -1.021567e-02 -3.944729e-03 -1.301710e-02 2.471896e-02 2.781068e-02 1.584362e-02 9.795797e-03 -1.011059e-02 1.452340e-02
<VARIANCE> 39
 6.229256e-01 4.804792e-01 6.298656e-01 5.425931e-01 6.251118e-01 5.049546e-01 4.145657e-01 4.072626e-01 3.407667e-01 2.624952e-01 2.055094e-01 1.479817e-01 2.917675e-01 6.572136e-02 4.247573e-02 3.734073e-02 4.224693e-02 4.650190e-02 4.461731e-02 3.707449e-02 4.049514e-02 3.423301e-02 2.669042e-02 2.154367e-02 1.649759e-02 2.025914e-02 6.320258e-03 5.930461e-03 4.840449e-03 6.026024e-03 6.375665e-03 6.243652e-03 5.451124e-03 6.241217e-03 5.270332e-03 4.299938e-03 3.534404e-03 2.556070e-03 4.182551e-03
<GCONST> -5.336539e+01
<MIXTURE> 5 1.250000e-01
<MEAN> 39
 -8.271362e-02 -4.478315e-02 5.677658e-02 -6.441791e-02 2.656056e-02 6.339832e-02 8.706334e-02 -1.402123e-01 -1.452799e-01 -4.355658e-02 4.947498e-03 6.731096e-02 4.440622e-01 3.027925e-01 4.751937e-03 -1.343790e-02 -5.948192e-02 -1.021867e-01 -2.550667e-02 -7.841288e-02 4.746962e-03 -5.101136e-03 -4.305043e-02 -9.995648e-03 -3.206380e-02 1.207485e-01 9.294901e-03 -2.226178e-02 -3.077082e-02 -1.570388e-02 -1.021567e-02 -3.944729e-03 -1.301710e-02 2.471896e-02 2.781068e-02 1.584362e-02 9.795797e-03 -1.011059e-02 1.452340e-02
<VARIANCE> 39
 6.229256e-01 4.804792e-01 6.298656e-01 5.425931e-01 6.251118e-01 5.049546e-01 4.145657e-01 4.072626e-01 3.407667e-01 2.624952e-01 2.055094e-01 1.479817e-01 2.917675e-01 6.572136e-02 4.247573e-02 3.734073e-02 4.224693e-02 4.650190e-02 4.461731e-02 3.707449e-02 4.049514e-02 3.423301e-02 2.669042e-02 2.154367e-02 1.649759e-02 2.025914e-02 6.320258e-03 5.930461e-03 4.840449e-03 6.026024e-03 6.375665e-03 6.243652e-03 5.451124e-03 6.241217e-03 5.270332e-03 4.299938e-03 3.534404e-03 2.556070e-03 4.182551e-03
<GCONST> -5.336539e+01
<MIXTURE> 6 1.250000e-01
<MEAN> 39
 -8.271362e-02 -4.478315e-02 5.677658e-02 -6.441791e-02 2.656056e-02 6.339832e-02 8.706334e-02 -1.402123e-01 -1.452799e-01 -4.355658e-02 4.947498e-03 6.731096e-02 4.440622e-01 3.027925e-01 4.751937e-03 -1.343790e-02 -5.948192e-02 -1.021867e-01 -2.550667e-02 -7.841288e-02 4.746962e-03 -5.101136e-03 -4.305043e-02 -9.995648e-03 -3.206380e-02 1.207485e-01 9.294901e-03 -2.226178e-02 -3.077082e-02 -1.570388e-02 -1.021567e-02 -3.944729e-03 -1.301710e-02 2.471896e-02 2.781068e-02 1.584362e-02 9.795797e-03 -1.011059e-02 1.452340e-02
<VARIANCE> 39
 6.229256e-01 4.804792e-01 6.298656e-01 5.425931e-01 6.251118e-01 5.049546e-01 4.145657e-01 4.072626e-01 3.407667e-01 2.624952e-01 2.055094e-01 1.479817e-01 2.917675e-01 6.572136e-02 4.247573e-02 3.734073e-02 4.224693e-02 4.650190e-02 4.461731e-02 3.707449e-02 4.049514e-02 3.423301e-02 2.669042e-02 2.154367e-02 1.649759e-02 2.025914e-02 6.320258e-03 5.930461e-03 4.840449e-03 6.026024e-03 6.375665e-03 6.243652e-03 5.451124e-03 6.241217e-03 5.270332e-03 4.299938e-03 3.534404e-03 2.556070e-03 4.182551e-03
<GCONST> -5.336539e+01
<MIXTURE> 7 1.250000e-01
<MEAN> 39
 -8.271362e-02 -4.478315e-02 5.677658e-02 -6.441791e-02 2.656056e-02 6.339832e-02 8.706334e-02 -1.402123e-01 -1.452799e-01 -4.355658e-02 4.947498e-03 6.731096e-02 4.440622e-01 3.027925e-01 4.751937e-03 -1.343790e-02 -5.948192e-02 -1.021867e-01 -2.550667e-02 -7.841288e-02 4.746962e-03 -5.101136e-03 -4.305043e-02 -9.995648e-03 -3.206380e-02 1.207485e-01 9.294901e-03 -2.226178e-02 -3.077082e-02 -1.570388e-02 -1.021567e-02 -3.944729e-03 -1.301710e-02 2.471896e-02 2.781068e-02 1.584362e-02 9.795797e-03 -1.011059e-02 1.452340e-02
<VARIANCE> 39
 6.229256e-01 4.804792e-01 6.298656e-01 5.425931e-01 6.251118e-01 5.049546e-01 4.145657e-01 4.072626e-01 3.407667e-01 2.624952e-01 2.055094e-01 1.479817e-01 2.917675e-01 6.572136e-02 4.247573e-02 3.734073e-02 4.224693e-02 4.650190e-02 4.461731e-02 3.707449e-02 4.049514e-02 3.423301e-02 2.669042e-02 2.154367e-02 1.649759e-02 2.025914e-02 6.320258e-03 5.930461e-03 4.840449e-03 6.026024e-03 6.375665e-03 6.243652e-03 5.451124e-03 6.241217e-03 5.270332e-03 4.299938e-03 3.534404e-03 2.556070e-03 4.182551e-03
<GCONST> -5.336539e+01
<MIXTURE> 8 1.250000e-01
<MEAN> 39
 -8.271362e-02 -4.478315e-02 5.677658e-02 -6.441791e-02 2.656056e-02 6.339832e-02 8.706334e-02 -1.402123e-01 -1.452799e-01 -4.355658e-02 4.947498e-03 6.731096e-02 4.440622e-01 3.027925e-01 4.751937e-03 -1.343790e-02 -5.948192e-02 -1.021867e-01 -2.550667e-02 -7.841288e-02 4.746962e-03 -5.101136e-03 -4.305043e-02 -9.995648e-03 -3.206380e-02 1.207485e-01 9.294901e-03 -2.226178e-02 -3.077082e-02 -1.570388e-02 -1.021567e-02 -3.944729e-03 -1.301710e-02 2.471896e-02 2.781068e-02 1.584362e-02 9.795797e-03 -1.011059e-02 1.452340e-02
<VARIANCE> 39
 6.229256e-01 4.804792e-01 6.298656e-01 5.425931e-01 6.251118e-01 5.049546e-01 4.145657e-01 4.072626e-01 3.407667e-01 2.624952e-01 2.055094e-01 1.479817e-01 2.917675e-01 6.572136e-02 4.247573e-02 3.734073e-02 4.224693e-02 4.650190e-02 4.461731e-02 3.707449e-02 4.049514e-02 3.423301e-02 2.669042e-02 2.154367e-02 1.649759e-02 2.025914e-02 6.320258e-03 5.930461e-03 4.840449e-03 6.026024e-03 6.375665e-03 6.243652e-03 5.451124e-03 6.241217e-03 5.270332e-03 4.299938e-03 3.534404e-03 2.556070e-03 4.182551e-03
<GCONST> -5.336539e+01
<STATE> 6
<NUMMIXES> 8
<MIXTURE> 1 1.250000e-01
<MEAN> 39
 6.032816e-01 -2.176444e-01 -2.313873e-01 -3.868279e-01 -2.600719e-01 3.541619e-02 -1.035039e-01 3.079446e-02 3.246660e-02 -1.308516e-02 8.353322e-02 -4.293219e-02 8.484641e-01 1.337433e-01 -1.397501e-01 -8.607376e-02 -8.291353e-02 -4.565330e-02 2.403565e-02 -3.283911e-02 8.895255e-02 7.165208e-02 1.249832e-02 1.767157e-02 -3.915393e-02 1.324331e-01 -7.394364e-02 -1.075053e-02 6.345442e-03 2.268568e-02 3.280342e-02 7.863196e-03 1.577632e-02 8.483427e-04 1.933204e-03 6.928251e-03 -2.544292e-03 3.391873e-03 -3.002415e-02
<VARIANCE> 39
 2.271136e-01 4.030559e-01 7.319258e-01 6.190462e-01 6.536267e-01 6.885697e-01 5.044174e-01 4.832761e-01 3.987101e-01 3.135423e-01 2.709962e-01 1.976188e-01 2.100537e-01 3.682547e-02 3.098225e-02 3.227489e-02 3.725717e-02 4.256712e-02 4.311611e-02 3.646380e-02 4.028939e-02 3.274430e-02 2.597671e-02 2.218646e-02 1.806183e-02 1.622533e-02 5.718193e-03 5.005465e-03 4.699019e-03 5.550303e-03 6.307751e-03 6.595196e-03 5.990605e-03 6.495977e-03 5.346411e-03 4.539939e-03 3.985549e-03 2.964385e-03 2.150459e-03
<GCONST> -5.498957e+01
<MIXTURE> 2 1.250000e-01
<MEAN> 39
 6.032816e-01 -2.176444e-01 -2.313873e-01 -3.868279e-01 -2.600719e-01 3.541619e-02 -1.035039e-01 3.079446e-02 3.246660e-02 -1.308516e-02 8.353322e-02 -4.293219e-02 8.484641e-01 1.337433e-01 -1.397501e-01 -8.607376e-02 -8.291353e-02 -4.565330e-02 2.403565e-02 -3.283911e-02 8.895255e-02 7.165208e-02 1.249832e-02 1.767157e-02 -3.915393e-02 1.324331e-01 -7.394364e-02 -1.075053e-02 6.345442e-03 2.268568e-02 3.280342e-02 7.863196e-03 1.577632e-02 8.483427e-04 1.933204e-03 6.928251e-03 -2.544292e-03 3.391873e-03 -3.002415e-02
<VARIANCE> 39
 2.271136e-01 4.030559e-01 7.319258e-01 6.190462e-01 6.536267e-01 6.885697e-01 5.044174e-01 4.832761e-01 3.987101e-01 3.135423e-01 2.709962e-01 1.976188e-01 2.100537e-01 3.682547e-02 3.098225e-02 3.227489e-02 3.725717e-02 4.256712e-02 4.311611e-02 3.646380e-02 4.028939e-02 3.274430e-02 2.597671e-02 2.218646e-02 1.806183e-02 1.622533e-02 5.718193e-03 5.005465e-03 4.699019e-03 5.550303e-03 6.307751e-03 6.595196e-03 5.990605e-03 6.495977e-03 5.346411e-03 4.539939e-03 3.985549e-03 2.964385e-03 2.150459e-03
<GCONST> -5.498957e+01
<MIXTURE> 3 1.250000e-01
<MEAN> 39
 6.032816e-01 -2.176444e-01 -2.313873e-01 -3.868279e-01 -2.600719e-01 3.541619e-02 -1.035039e-01 3.079446e-02 3.246660e-02 -1.308516e-02 8.353322e-02 -4.293219e-02 8.484641e-01 1.337433e-01 -1.397501e-01 -8.607376e-02 -8.291353e-02 -4.565330e-02 2.403565e-02 -3.283911e-02 8.895255e-02 7.165208e-02 1.249832e-02 1.767157e-02 -3.915393e-02 1.324331e-01 -7.394364e-02 -1.075053e-02 6.345442e-03 2.268568e-02 3.280342e-02 7.863196e-03 1.577632e-02 8.483427e-04 1.933204e-03 6.928251e-03 -2.544292e-03 3.391873e-03 -3.002415e-02
<VARIANCE> 39
 2.271136e-01 4.030559e-01 7.319258e-01 6.190462e-01 6.536267e-01 6.885697e-01 5.044174e-01 4.832761e-01 3.987101e-01 3.135423e-01 2.709962e-01 1.976188e-01 2.100537e-01 3.682547e-02 3.098225e-02 3.227489e-02 3.725717e-02 4.256712e-02 4.311611e-02 3.646380e-02 4.028939e-02 3.274430e-02 2.597671e-02 2.218646e-02 1.806183e-02 1.622533e-02 5.718193e-03 5.005465e-03 4.699019e-03 5.550303e-03 6.307751e-03 6.595196e-03 5.990605e-03 6.495977e-03 5.346411e-03 4.539939e-03 3.985549e-03 2.964385e-03 2.150459e-03
<GCONST> -5.498957e+01
<MIXTURE> 4 1.250000e-01
<MEAN> 39
 6.032816e-01 -2.176444e-01 -2.313873e-01 -3.868279e-01 -2.600719e-01 3.541619e-02 -1.035039e-01 3.079446e-02 3.246660e-02 -1.308516e-02 8.353322e-02 -4.293219e-02 8.484641e-01 1.337433e-01 -1.397501e-01 -8.607376e-02 -8.291353e-02 -4.565330e-02 2.403565e-02 -3.283911e-02 8.895255e-02 7.165208e-02 1.249832e-02 1.767157e-02 -3.915393e-02 1.324331e-01 -7.394364e-02 -1.075053e-02 6.345442e-03 2.268568e-02 3.280342e-02 7.863196e-03 1.577632e-02 8.483427e-04 1.933204e-03 6.928251e-03 -2.544292e-03 3.391873e-03 -3.002415e-02
<VARIANCE> 39
 2.271136e-01 4.030559e-01 7.319258e-01 6.190462e-01 6.536267e-01 6.885697e-01 5.044174e-01 4.832761e-01 3.987101e-01 3.135423e-01 2.709962e-01 1.976188e-01 2.100537e-01 3.682547e-02 3.098225e-02 3.227489e-02 3.725717e-02 4.256712e-02 4.311611e-02 3.646380e-02 4.028939e-02 3.274430e-02 2.597671e-02 2.218646e-02 1.806183e-02 1.622533e-02 5.718193e-03 5.005465e-03 4.699019e-03 5.550303e-03 6.307751e-03 6.595196e-03 5.990605e-03 6.495977e-03 5.346411e-03 4.539939e-03 3.985549e-03 2.964385e-03 2.150459e-03
<GCONST> -5.498957e+01
<MIXTURE> 5 1.250000e-01
<MEAN> 39
 6.032816e-01 -2.176444e-01 -2.313873e-01 -3.868279e-01 -2.600719e-01 3.541619e-02 -1.035039e-01 3.079446e-02 3.246660e-02 -1.308516e-02 8.353322e-02 -4.293219e-02 8.484641e-01 1.337433e-01 -1.397501e-01 -8.607376e-02 -8.291353e-02 -4.565330e-02 2.403565e-02 -3.283911e-02 8.895255e-02 7.165208e-02 1.249832e-02 1.767157e-02 -3.915393e-02 1.324331e-01 -7.394364e-02 -1.075053e-02 6.345442e-03 2.268568e-02 3.280342e-02 7.863196e-03 1.577632e-02 8.483427e-04 1.933204e-03 6.928251e-03 -2.544292e-03 3.391873e-03 -3.002415e-02
<VARIANCE> 39
 2.271136e-01 4.030559e-01 7.319258e-01 6.190462e-01 6.536267e-01 6.885697e-01 5.044174e-01 4.832761e-01 3.987101e-01 3.135423e-01 2.709962e-01 1.976188e-01 2.100537e-01 3.682547e-02 3.098225e-02 3.227489e-02 3.725717e-02 4.256712e-02 4.311611e-02 3.646380e-02 4.028939e-02 3.274430e-02 2.597671e-02 2.218646e-02 1.806183e-02 1.622533e-02 5.718193e-03 5.005465e-03 4.699019e-03 5.550303e-03 6.307751e-03 6.595196e-03 5.990605e-03 6.495977e-03 5.346411e-03 4.539939e-03 3.985549e-03 2.964385e-03 2.150459e-03
<GCONST> -5.498957e+01
<MIXTURE> 6 1.250000e-01
<MEAN> 39
 6.032816e-01 -2.176444e-01 -2.313873e-01 -3.868279e-01 -2.600719e-01 3.541619e-02 -1.035039e-01 3.079446e-02 3.246660e-02 -1.308516e-02 8.353322e-02 -4.293219e-02 8.484641e-01 1.337433e-01 -1.397501e-01 -8.607376e-02 -8.291353e-02 -4.565330e-02 2.403565e-02 -3.283911e-02 8.895255e-02 7.165208e-02 1.249832e-02 1.767157e-02 -3.915393e-02 1.324331e-01 -7.394364e-02 -1.075053e-02 6.345442e-03 2.268568e-02 3.280342e-02 7.863196e-03 1.577632e-02 8.483427e-04 1.933204e-03 6.928251e-03 -2.544292e-03 3.391873e-03 -3.002415e-02
<VARIANCE> 39
 2.271136e-01 4.030559e-01 7.319258e-01 6.190462e-01 6.536267e-01 6.885697e-01 5.044174e-01 4.832761e-01 3.987101e-01 3.135423e-01 2.709962e-01 1.976188e-01 2.100537e-01 3.682547e-02 3.098225e-02 3.227489e-02 3.725717e-02 4.256712e-02 4.311611e-02 3.646380e-02 4.028939e-02 3.274430e-02 2.597671e-02 2.218646e-02 1.806183e-02 1.622533e-02 5.718193e-03 5.005465e-03 4.699019e-03 5.550303e-03 6.307751e-03 6.595196e-03 5.990605e-03 6.495977e-03 5.346411e-03 4.539939e-03 3.985549e-03 2.964385e-03 2.150459e-03
<GCONST> -5.498957e+01
<MIXTURE> 7 1.250000e-01
<MEAN> 39
 6.032816e-01 -2.176444e-01 -2.313873e-01 -3.868279e-01 -2.600719e-01 3.541619e-02 -1.035039e-01 3.079446e-02 3.246660e-02 -1.308516e-02 8.353322e-02 -4.293219e-02 8.484641e-01 1.337433e-01 -1.397501e-01 -8.607376e-02 -8.291353e-02 -4.565330e-02 2.403565e-02 -3.283911e-02 8.895255e-02 7.165208e-02 1.249832e-02 1.767157e-02 -3.915393e-02 1.324331e-01 -7.394364e-02 -1.075053e-02 6.345442e-03 2.268568e-02 3.280342e-02 7.863196e-03 1.577632e-02 8.483427e-04 1.933204e-03 6.928251e-03 -2.544292e-03 3.391873e-03 -3.002415e-02
<VARIANCE> 39
 2.271136e-01 4.030559e-01 7.319258e-01 6.190462e-01 6.536267e-01 6.885697e-01 5.044174e-01 4.832761e-01 3.987101e-01 3.135423e-01 2.709962e-01 1.976188e-01 2.100537e-01 3.682547e-02 3.098225e-02 3.227489e-02 3.725717e-02 4.256712e-02 4.311611e-02 3.646380e-02 4.028939e-02 3.274430e-02 2.597671e-02 2.218646e-02 1.806183e-02 1.622533e-02 5.718193e-03 5.005465e-03 4.699019e-03 5.550303e-03 6.307751e-03 6.595196e-03 5.990605e-03 6.495977e-03 5.346411e-03 4.539939e-03 3.985549e-03 2.964385e-03 2.150459e-03
<GCONST> -5.498957e+01
<MIXTURE> 8 1.250000e-01
<MEAN> 39
 6.032816e-01 -2.176444e-01 -2.313873e-01 -3.868279e-01 -2.600719e-01 3.541619e-02 -1.035039e-01 3.079446e-02 3.246660e-02 -1.308516e-02 8.353322e-02 -4.293219e-02 8.484641e-01 1.337433e-01 -1.397501e-01 -8.607376e-02 -8.291353e-02 -4.565330e-02 2.403565e-02 -3.283911e-02 8.895255e-02 7.165208e-02 1.249832e-02 1.767157e-02 -3.915393e-02 1.324331e-01 -7.394364e-02 -1.075053e-02 6.345442e-03 2.268568e-02 3.280342e-02 7.863196e-03 1.577632e-02 8.483427e-04 1.933204e-03 6.928251e-03 -2.544292e-03 3.391873e-03 -3.002415e-02
<VARIANCE> 39
 2.271136e-01 4.030559e-01 7.319258e-01 6.190462e-01 6.536267e-01 6.885697e-01 5.044174e-01 4.832761e-01 3.987101e-01 3.135423e-01 2.709962e-01 1.976188e-01 2.100537e-01 3.682547e-02 3.098225e-02 3.227489e-02 3.725717e-02 4.256712e-02 4.311611e-02 3.646380e-02 4.028939e-02 3.274430e-02 2.597671e-02 2.218646e-02 1.806183e-02 1.622533e-02 5.718193e-03 5.005465e-03 4.699019e-03 5.550303e-03 6.307751e-03 6.595196e-03 5.990605e-03 6.495977e-03 5.346411e-03 4.539939e-03 3.985549e-03 2.964385e-03 2.150459e-03
<GCONST> -5.498957e+01
<STATE> 7
<NUMMIXES> 8
<MIXTURE> 1 1.250000e-01
<MEAN> 39
 6.040117e-01 -6.724464e-01 -5.054166e-01 -5.309762e-01 -4.438103e-03 3.963379e-01 -3.406333e-02 1.185075e-01 1.751606e-01 -6.106730e-02 4.935993e-02 -1.058394e-01 1.062400e+00 9.715119e-03 -1.826283e-02 -1.022947e-02 3.320003e-03 1.079370e-02 -4.198899e-03 -1.882834e-02 1.780019e-02 1.590174e-02 -2.674108e-03 -4.381279e-03 -8.152645e-03 8.688527e-04 -8.395345e-03 2.746335e-02 1.527476e-02 1.648952e-02 -1.741630e-03 -1.663683e-02 -1.504319e-03 -7.682477e-03 -8.518271e-03 1.088761e-03 -3.119768e-03 2.776236e-03 -2.562732e-02
<VARIANCE> 39
 1.671073e-01 4.279888e-01 5.503354e-01 6.437017e-01 6.600953e-01 7.904052e-01 5.656641e-01 5.372527e-01 3.801248e-01 3.135397e-01 2.753146e-01 2.330649e-01 1.770435e-01 5.540620e-03 1.354448e-02 1.443694e-02 1.898853e-02 2.091094e-02 2.235168e-02 2.058282e-02 2.245983e-02 1.730700e-02 1.468811e-02 1.303828e-02 1.119343e-02 5.495797e-03 1.720014e-03 2.152741e-03 2.277701e-03 2.917878e-03 3.546867e-03 3.551289e-03 3.550349e-03 3.890962e-03 3.137318e-03 2.629897e-03 2.349691e-03 2.058434e-03 1.242836e-03
<GCONST> -7.333977e+01
<MIXTURE> 2 1.250000e-01
<MEAN> 39
 6.040117e-01 -6.724464e-01 -5.054166e-01 -5.309762e-01 -4.438103e-03 3.963379e-01 -3.406333e-02 1.185075e-01 1.751606e-01 -6.106730e-02 4.935993e-02 -1.058394e-01 1.062400e+00 9.715119e-03 -1.826283e-02 -1.022947e-02 3.320003e-03 1.079370e-02 -4.198899e-03 -1.882834e-02 1.780019e-02 1.590174e-02 -2.674108e-03 -4.381279e-03 -8.152645e-03 8.688527e-04 -8.395345e-03 2.746335e-02 1.527476e-02 1.648952e-02 -1.741630e-03 -1.663683e-02 -1.504319e-03 -7.682477e-03 -8.518271e-03 1.088761e-03 -3.119768e-03 2.776236e-03 -2.562732e-02
<VARIANCE> 39
 1.671073e-01 4.279888e-01 5.503354e-01 6.437017e-01 6.600953e-01 7.904052e-01 5.656641e-01 5.372527e-01 3.801248e-01 3.135397e-01 2.753146e-01 2.330649e-01 1.770435e-01 5.540620e-03 1.354448e-02 1.443694e-02 1.898853e-02 2.091094e-02 2.235168e-02 2.058282e-02 2.245983e-02 1.730700e-02 1.468811e-02 1.303828e-02 1.119343e-02 5.495797e-03 1.720014e-03 2.152741e-03 2.277701e-03 2.917878e-03 3.546867e-03 3.551289e-03 3.550349e-03 3.890962e-03 3.137318e-03 2.629897e-03 2.349691e-03 2.058434e-03 1.242836e-03
<GCONST> -7.333977e+01
<MIXTURE> 3 1.250000e-01
<MEAN> 39
 6.040117e-01 -6.724464e-01 -5.054166e-01 -5.309762e-01 -4.438103e-03 3.963379e-01 -3.406333e-02 1.185075e-01 1.751606e-01 -6.106730e-02 4.935993e-02 -1.058394e-01 1.062400e+00 9.715119e-03 -1.826283e-02 -1.022947e-02 3.320003e-03 1.079370e-02 -4.198899e-03 -1.882834e-02 1.780019e-02 1.590174e-02 -2.674108e-03 -4.381279e-03 -8.152645e-03 8.688527e-04 -8.395345e-03 2.746335e-02 1.527476e-02 1.648952e-02 -1.741630e-03 -1.663683e-02 -1.504319e-03 -7.682477e-03 -8.518271e-03 1.088761e-03 -3.119768e-03 2.776236e-03 -2.562732e-02
<VARIANCE> 39
 1.671073e-01 4.279888e-01 5.503354e-01 6.437017e-01 6.600953e-01 7.904052e-01 5.656641e-01 5.372527e-01 3.801248e-01 3.135397e-01 2.753146e-01 2.330649e-01 1.770435e-01 5.540620e-03 1.354448e-02 1.443694e-02 1.898853e-02 2.091094e-02 2.235168e-02 2.058282e-02 2.245983e-02 1.730700e-02 1.468811e-02 1.303828e-02 1.119343e-02 5.495797e-03 1.720014e-03 2.152741e-03 2.277701e-03 2.917878e-03 3.546867e-03 3.551289e-03 3.550349e-03 3.890962e-03 3.137318e-03 2.629897e-03 2.349691e-03 2.058434e-03 1.242836e-03
<GCONST> -7.333977e+01
<MIXTURE> 4 1.250000e-01
<MEAN> 39
 6.040117e-01 -6.724464e-01 -5.054166e-01 -5.309762e-01 -4.438103e-03 3.963379e-01 -3.406333e-02 1.185075e-01 1.751606e-01 -6.106730e-02 4.935993e-02 -1.058394e-01 1.062400e+00 9.715119e-03 -1.826283e-02 -1.022947e-02 3.320003e-03 1.079370e-02 -4.198899e-03 -1.882834e-02 1.780019e-02 1.590174e-02 -2.674108e-03 -4.381279e-03 -8.152645e-03 8.688527e-04 -8.395345e-03 2.746335e-02 1.527476e-02 1.648952e-02 -1.741630e-03 -1.663683e-02 -1.504319e-03 -7.682477e-03 -8.518271e-03 1.088761e-03 -3.119768e-03 2.776236e-03 -2.562732e-02
<VARIANCE> 39
 1.671073e-01 4.279888e-01 5.503354e-01 6.437017e-01 6.600953e-01 7.904052e-01 5.656641e-01 5.372527e-01 3.801248e-01 3.135397e-01 2.753146e-01 2.330649e-01 1.770435e-01 5.540620e-03 1.354448e-02 1.443694e-02 1.898853e-02 2.091094e-02 2.235168e-02 2.058282e-02 2.245983e-02 1.730700e-02 1.468811e-02 1.303828e-02 1.119343e-02 5.495797e-03 1.720014e-03 2.152741e-03 2.277701e-03 2.917878e-03 3.546867e-03 3.551289e-03 3.550349e-03 3.890962e-03 3.137318e-03 2.629897e-03 2.349691e-03 2.058434e-03 1.242836e-03
<GCONST> -7.333977e+01
<MIXTURE> 5 1.250000e-01
<MEAN> 39
 6.040117e-01 -6.724464e-01 -5.054166e-01 -5.309762e-01 -4.438103e-03 3.963379e-01 -3.406333e-02 1.185075e-01 1.751606e-01 -6.106730e-02 4.935993e-02 -1.058394e-01 1.062400e+00 9.715119e-03 -1.826283e-02 -1.022947e-02 3.320003e-03 1.079370e-02 -4.198899e-03 -1.882834e-02 1.780019e-02 1.590174e-02 -2.674108e-03 -4.381279e-03 -8.152645e-03 8.688527e-04 -8.395345e-03 2.746335e-02 1.527476e-02 1.648952e-02 -1.741630e-03 -1.663683e-02 -1.504319e-03 -7.682477e-03 -8.518271e-03 1.088761e-03 -3.119768e-03 2.776236e-03 -2.562732e-02
<VARIANCE> 39
 1.671073e-01 4.279888e-01 5.503354e-01 6.437017e-01 6.600953e-01 7.904052e-01 5.656641e-01 5.372527e-01 3.801248e-01 3.135397e-01 2.753146e-01 2.330649e-01 1.770435e-01 5.540620e-03 1.354448e-02 1.443694e-02 1.898853e-02 2.091094e-02 2.235168e-02 2.058282e-02 2.245983e-02 1.730700e-02 1.468811e-02 1.303828e-02 1.119343e-02 5.495797e-03 1.720014e-03 2.152741e-03 2.277701e-03 2.917878e-03 3.546867e-03 3.551289e-03 3.550349e-03 3.890962e-03 3.137318e-03 2.629897e-03 2.349691e-03 2.058434e-03 1.242836e-03
<GCONST> -7.333977e+01
<MIXTURE> 6 1.250000e-01
<MEAN> 39
 6.040117e-01 -6.724464e-01 -5.054166e-01 -5.309762e-01 -4.438103e-03 3.963379e-01 -3.406333e-02 1.185075e-01 1.751606e-01 -6.106730e-02 4.935993e-02 -1.058394e-01 1.062400e+00 9.715119e-03 -1.826283e-02 -1.022947e-02 3.320003e-03 1.079370e-02 -4.198899e-03 -1.882834e-02 1.780019e-02 1.590174e-02 -2.674108e-03 -4.381279e-03 -8.152645e-03 8.688527e-04 -8.395345e-03 2.746335e-02 1.527476e-02 1.648952e-02 -1.741630e-03 -1.663683e-02 -1.504319e-03 -7.682477e-03 -8.518271e-03 1.088761e-03 -3.119768e-03 2.776236e-03 -2.562732e-02
<VARIANCE> 39
 1.671073e-01 4.279888e-01 5.503354e-01 6.437017e-01 6.600953e-01 7.904052e-01 5.656641e-01 5.372527e-01 3.801248e-01 3.135397e-01 2.753146e-01 2.330649e-01 1.770435e-01 5.540620e-03 1.354448e-02 1.443694e-02 1.898853e-02 2.091094e-02 2.235168e-02 2.058282e-02 2.245983e-02 1.730700e-02 1.468811e-02 1.303828e-02 1.119343e-02 5.495797e-03 1.720014e-03 2.152741e-03 2.277701e-03 2.917878e-03 3.546867e-03 3.551289e-03 3.550349e-03 3.890962e-03 3.137318e-03 2.629897e-03 2.349691e-03 2.058434e-03 1.242836e-03
<GCONST> -7.333977e+01
<MIXTURE> 7 1.250000e-01
<MEAN> 39
 6.040117e-01 -6.724464e-01 -5.054166e-01 -5.309762e-01 -4.438103e-03 3.963379e-01 -3.406333e-02 1.185075e-01 1.751606e-01 -6.106730e-02 4.935993e-02 -1.058394e-01 1.062400e+00 9.715119e-03 -1.826283e-02 -1.022947e-02 3.320003e-03 1.079370e-02 -4.198899e-03 -1.882834e-02 1.780019e-02 1.590174e-02 -2.674108e-03 -4.381279e-03 -8.152645e-03 8.688527e-04 -8.395345e-03 2.746335e-02 1.527476e-02 1.648952e-02 -1.741630e-03 -1.663683e-02 -1.504319e-03 -7.682477e-03 -8.518271e-03 1.088761e-03 -3.119768e-03 2.776236e-03 -2.562732e-02
<VARIANCE> 39
 1.671073e-01 4.279888e-01 5.503354e-01 6.437017e-01 6.600953e-01 7.904052e-01 5.656641e-01 5.372527e-01 3.801248e-01 3.135397e-01 2.753146e-01 2.330649e-01 1.770435e-01 5.540620e-03 1.354448e-02 1.443694e-02 1.898853e-02 2.091094e-02 2.235168e-02 2.058282e-02 2.245983e-02 1.730700e-02 1.468811e-02 1.303828e-02 1.119343e-02 5.495797e-03 1.720014e-03 2.152741e-03 2.277701e-03 2.917878e-03 3.546867e-03 3.551289e-03 3.550349e-03 3.890962e-03 3.137318e-03 2.629897e-03 2.349691e-03 2.058434e-03 1.242836e-03
<GCONST> -7.333977e+01
<MIXTURE> 8 1.250000e-01
<MEAN> 39
 6.040117e-01 -6.724464e-01 -5.054166e-01 -5.309762e-01 -4.438103e-03 3.963379e-01 -3.406333e-02 1.185075e-01 1.751606e-01 -6.106730e-02 4.935993e-02 -1.058394e-01 1.062400e+00 9.715119e-03 -1.826283e-02 -1.022947e-02 3.320003e-03 1.079370e-02 -4.198899e-03 -1.882834e-02 1.780019e-02 1.590174e-02 -2.674108e-03 -4.381279e-03 -8.152645e-03 8.688527e-04 -8.395345e-03 2.746335e-02 1.527476e-02 1.648952e-02 -1.741630e-03 -1.663683e-02 -1.504319e-03 -7.682477e-03 -8.518271e-03 1.088761e-03 -3.119768e-03 2.776236e-03 -2.562732e-02
<VARIANCE> 39
 1.671073e-01 4.279888e-01 5.503354e-01 6.437017e-01 6.600953e-01 7.904052e-01 5.656641e-01 5.372527e-01 3.801248e-01 3.135397e-01 2.753146e-01 2.330649e-01 1.770435e-01 5.540620e-03 1.354448e-02 1.443694e-02 1.898853e-02 2.091094e-02 2.235168e-02 2.058282e-02 2.245983e-02 1.730700e-02 1.468811e-02 1.303828e-02 1.119343e-02 5.495797e-03 1.720014e-03 2.152741e-03 2.277701e-03 2.917878e-03 3.546867e-03 3.551289e-03 3.550349e-03 3.890962e-03 3.137318e-03 2.629897e-03 2.349691e-03 2.058434e-03 1.242836e-03
<GCONST> -7.333977e+01
<STATE> 8
<NUMMIXES> 8
<MIXTURE> 1 1.250000e-01
<MEAN> 39
 6.857733e-01 -4.927271e-01 -3.503672e-01 -3.159492e-01 -1.793118e-01 -8.278354e-02 -2.651793e-01 3.436292e-01 2.089029e-01 7.577024e-03 6.544176e-02 -1.474635e-01 8.837144e-01 1.278995e-02 6.692217e-02 5.961180e-02 5.627738e-02 -3.147952e-02 -6.584675e-02 -1.855019e-02 -1.400977e-02 -2.496358e-02 6.072294e-03 -7.746307e-03 1.029530e-03 -7.218332e-02 -1.135475e-02 3.275040e-02 1.878162e-02 2.333156e-02 7.810619e-03 -2.378771e-04 9.968705e-03 -3.155303e-02 -2.292344e-02 -3.166433e-03 -3.917822e-03 5.938402e-03 -3.338561e-02
<VARIANCE> 39
 1.688401e-01 3.580077e-01 6.746150e-01 5.634367e-01 6.305977e-01 7.454565e-01 6.007541e-01 6.028401e-01 4.785092e-01 3.707597e-01 2.854616e-01 2.414270e-01 1.987773e-01 6.761611e-03 1.618738e-02 2.086032e-02 2.373123e-02 2.865635e-02 2.937027e-02 2.739012e-02 3.088012e-02 2.491056e-02 2.153220e-02 1.816675e-02 1.489115e-02 1.020552e-02 1.705718e-03 2.827059e-03 3.285361e-03 4.096150e-03 5.025906e-03 4.778977e-03 4.879382e-03 5.657579e-03 4.791052e-03 3.999682e-03 3.303812e-03 2.866771e-03 1.974874e-03
<GCONST> -6.435271e+01
<MIXTURE> 2 1.250000e-01
<MEAN> 39
 6.857733e-01 -4.927271e-01 -3.503672e-01 -3.159492e-01 -1.793118e-01 -8.278354e-02 -2.651793e-01 3.436292e-01 2.089029e-01 7.577024e-03 6.544176e-02 -1.474635e-01 8.837144e-01 1.278995e-02 6.692217e-02 5.961180e-02 5.627738e-02 -3.147952e-02 -6.584675e-02 -1.855019e-02 -1.400977e-02 -2.496358e-02 6.072294e-03 -7.746307e-03 1.029530e-03 -7.218332e-02 -1.135475e-02 3.275040e-02 1.878162e-02 2.333156e-02 7.810619e-03 -2.378771e-04 9.968705e-03 -3.155303e-02 -2.292344e-02 -3.166433e-03 -3.917822e-03 5.938402e-03 -3.338561e-02
<VARIANCE> 39
 1.688401e-01 3.580077e-01 6.746150e-01 5.634367e-01 6.305977e-01 7.454565e-01 6.007541e-01 6.028401e-01 4.785092e-01 3.707597e-01 2.854616e-01 2.414270e-01 1.987773e-01 6.761611e-03 1.618738e-02 2.086032e-02 2.373123e-02 2.865635e-02 2.937027e-02 2.739012e-02 3.088012e-02 2.491056e-02 2.153220e-02 1.816675e-02 1.489115e-02 1.020552e-02 1.705718e-03 2.827059e-03 3.285361e-03 4.096150e-03 5.025906e-03 4.778977e-03 4.879382e-03 5.657579e-03 4.791052e-03 3.999682e-03 3.303812e-03 2.866771e-03 1.974874e-03
<GCONST> -6.435271e+01
<MIXTURE> 3 1.250000e-01
<MEAN> 39
 6.857733e-01 -4.927271e-01 -3.503672e-01 -3.159492e-01 -1.793118e-01 -8.278354e-02 -2.651793e-01 3.436292e-01 2.089029e-01 7.577024e-03 6.544176e-02 -1.474635e-01 8.837144e-01 1.278995e-02 6.692217e-02 5.961180e-02 5.627738e-02 -3.147952e-02 -6.584675e-02 -1.855019e-02 -1.400977e-02 -2.496358e-02 6.072294e-03 -7.746307e-03 1.029530e-03 -7.218332e-02 -1.135475e-02 3.275040e-02 1.878162e-02 2.333156e-02 7.810619e-03 -2.378771e-04 9.968705e-03 -3.155303e-02 -2.292344e-02 -3.166433e-03 -3.917822e-03 5.938402e-03 -3.338561e-02
<VARIANCE> 39
 1.688401e-01 3.580077e-01 6.746150e-01 5.634367e-01 6.305977e-01 7.454565e-01 6.007541e-01 6.028401e-01 4.785092e-01 3.707597e-01 2.854616e-01 2.414270e-01 1.987773e-01 6.761611e-03 1.618738e-02 2.086032e-02 2.373123e-02 2.865635e-02 2.937027e-02 2.739012e-02 3.088012e-02 2.491056e-02 2.153220e-02 1.816675e-02 1.489115e-02 1.020552e-02 1.705718e-03 2.827059e-03 3.285361e-03 4.096150e-03 5.025906e-03 4.778977e-03 4.879382e-03 5.657579e-03 4.791052e-03 3.999682e-03 3.303812e-03 2.866771e-03 1.974874e-03
<GCONST> -6.435271e+01
<MIXTURE> 4 1.250000e-01
<MEAN> 39
 6.857733e-01 -4.927271e-01 -3.503672e-01 -3.159492e-01 -1.793118e-01 -8.278354e-02 -2.651793e-01 3.436292e-01 2.089029e-01 7.577024e-03 6.544176e-02 -1.474635e-01 8.837144e-01 1.278995e-02 6.692217e-02 5.961180e-02 5.627738e-02 -3.147952e-02 -6.584675e-02 -1.855019e-02 -1.400977e-02 -2.496358e-02 6.072294e-03 -7.746307e-03 1.029530e-03 -7.218332e-02 -1.135475e-02 3.275040e-02 1.878162e-02 2.333156e-02 7.810619e-03 -2.378771e-04 9.968705e-03 -3.155303e-02 -2.292344e-02 -3.166433e-03 -3.917822e-03 5.938402e-03 -3.338561e-02
<VARIANCE> 39
 1.688401e-01 3.580077e-01 6.746150e-01 5.634367e-01 6.305977e-01 7.454565e-01 6.007541e-01 6.028401e-01 4.785092e-01 3.707597e-01 2.854616e-01 2.414270e-01 1.987773e-01 6.761611e-03 1.618738e-02 2.086032e-02 2.373123e-02 2.865635e-02 2.937027e-02 2.739012e-02 3.088012e-02 2.491056e-02 2.153220e-02 1.816675e-02 1.489115e-02 1.020552e-02 1.705718e-03 2.827059e-03 3.285361e-03 4.096150e-03 5.025906e-03 4.778977e-03 4.879382e-03 5.657579e-03 4.791052e-03 3.999682e-03 3.303812e-03 2.866771e-03 1.974874e-03
<GCONST> -6.435271e+01
<MIXTURE> 5 1.250000e-01
<MEAN> 39
 6.857733e-01 -4.927271e-01 -3.503672e-01 -3.159492e-01 -1.793118e-01 -8.278354e-02 -2.651793e-01 3.436292e-01 2.089029e-01 7.577024e-03 6.544176e-02 -1.474635e-01 8.837144e-01 1.278995e-02 6.692217e-02 5.961180e-02 5.627738e-02 -3.147952e-02 -6.584675e-02 -1.855019e-02 -1.400977e-02 -2.496358e-02 6.072294e-03 -7.746307e-03 1.029530e-03 -7.218332e-02 -1.135475e-02 3.275040e-02 1.878162e-02 2.333156e-02 7.810619e-03 -2.378771e-04 9.968705e-03 -3.155303e-02 -2.292344e-02 -3.166433e-03 -3.917822e-03 5.938402e-03 -3.338561e-02
<VARIANCE> 39
 1.688401e-01 3.580077e-01 6.746150e-01 5.634367e-01 6.305977e-01 7.454565e-01 6.007541e-01 6.028401e-01 4.785092e-01 3.707597e-01 2.854616e-01 2.414270e-01 1.987773e-01 6.761611e-03 1.618738e-02 2.086032e-02 2.373123e-02 2.865635e-02 2.937027e-02 2.739012e-02 3.088012e-02 2.491056e-02 2.153220e-02 1.816675e-02 1.489115e-02 1.020552e-02 1.705718e-03 2.827059e-03 3.285361e-03 4.096150e-03 5.025906e-03 4.778977e-03 4.879382e-03 5.657579e-03 4.791052e-03 3.999682e-03 3.303812e-03 2.866771e-03 1.974874e-03
<GCONST> -6.435271e+01
<MIXTURE> 6 1.250000e-01
<MEAN> 39
 6.857733e-01 -4.927271e-01 -3.503672e-01 -3.159492e-01 -1.793118e-01 -8.278354e-02 -2.651793e-01 3.436292e-01 2.089029e-01 7.577024e-03 6.544176e-02 -1.474635e-01 8.837144e-01 1.278995e-02 6.692217e-02 5.961180e-02 5.627738e-02 -3.147952e-02 -6.584675e-02 -1.855019e-02 -1.400977e-02 -2.496358e-02 6.072294e-03 -7.746307e-03 1.029530e-03 -7.218332e-02 -1.135475e-02 3.275040e-02 1.878162e-02 2.333156e-02 7.810619e-03 -2.378771e-04 9.968705e-03 -3.155303e-02 -2.292344e-02 -3.166433e-03 -3.917822e-03 5.938402e-03 -3.338561e-02
<VARIANCE> 39
 1.688401e-01 3.580077e-01 6.746150e-01 5.634367e-01 6.305977e-01 7.454565e-01 6.007541e-01 6.028401e-01 4.785092e-01 3.707597e-01 2.854616e-01 2.414270e-01 1.987773e-01 6.761611e-03 1.618738e-02 2.086032e-02 2.373123e-02 2.865635e-02 2.937027e-02 2.739012e-02 3.088012e-02 2.491056e-02 2.153220e-02 1.816675e-02 1.489115e-02 1.020552e-02 1.705718e-03 2.827059e-03 3.285361e-03 4.096150e-03 5.025906e-03 4.778977e-03 4.879382e-03 5.657579e-03 4.791052e-03 3.999682e-03 3.303812e-03 2.866771e-03 1.974874e-03
<GCONST> -6.435271e+01
<MIXTURE> 7 1.250000e-01
<MEAN> 39
 6.857733e-01 -4.927271e-01 -3.503672e-01 -3.159492e-01 -1.793118e-01 -8.278354e-02 -2.651793e-01 3.436292e-01 2.089029e-01 7.577024e-03 6.544176e-02 -1.474635e-01 8.837144e-01 1.278995e-02 6.692217e-02 5.961180e-02 5.627738e-02 -3.147952e-02 -6.584675e-02 -1.855019e-02 -1.400977e-02 -2.496358e-02 6.072294e-03 -7.746307e-03 1.029530e-03 -7.218332e-02 -1.135475e-02 3.275040e-02 1.878162e-02 2.333156e-02 7.810619e-03 -2.378771e-04 9.968705e-03 -3.155303e-02 -2.292344e-02 -3.166433e-03 -3.917822e-03 5.938402e-03 -3.338561e-02
<VARIANCE> 39
 1.688401e-01 3.580077e-01 6.746150e-01 5.634367e-01 6.305977e-01 7.454565e-01 6.007541e-01 6.028401e-01 4.785092e-01 3.707597e-01 2.854616e-01 2.414270e-01 1.987773e-01 6.761611e-03 1.618738e-02 2.086032e-02 2.373123e-02 2.865635e-02 2.937027e-02 2.739012e-02 3.088012e-02 2.491056e-02 2.153220e-02 1.816675e-02 1.489115e-02 1.020552e-02 1.705718e-03 2.827059e-03 3.285361e-03 4.096150e-03 5.025906e-03 4.778977e-03 4.879382e-03 5.657579e-03 4.791052e-03 3.999682e-03 3.303812e-03 2.866771e-03 1.974874e-03
<GCONST> -6.435271e+01
<MIXTURE> 8 1.250000e-01
<MEAN> 39
 6.857733e-01 -4.927271e-01 -3.503672e-01 -3.159492e-01 -1.793118e-01 -8.278354e-02 -2.651793e-01 3.436292e-01 2.089029e-01 7.577024e-03 6.544176e-02 -1.474635e-01 8.837144e-01 1.278995e-02 6.692217e-02 5.961180e-02 5.627738e-02 -3.147952e-02 -6.584675e-02 -1.855019e-02 -1.400977e-02 -2.496358e-02 6.072294e-03 -7.746307e-03 1.029530e-03 -7.218332e-02 -1.135475e-02 3.275040e-02 1.878162e-02 2.333156e-02 7.810619e-03 -2.378771e-04 9.968705e-03 -3.155303e-02 -2.292344e-02 -3.166433e-03 -3.917822e-03 5.938402e-03 -3.338561e-02
<VARIANCE> 39
 1.688401e-01 3.580077e-01 6.746150e-01 5.634367e-01 6.305977e-01 7.454565e-01 6.007541e-01 6.028401e-01 4.785092e-01 3.707597e-01 2.854616e-01 2.414270e-01 1.987773e-01 6.761611e-03 1.618738e-02 2.086032e-02 2.373123e-02 2.865635e-02 2.937027e-02 2.739012e-02 3.088012e-02 2.491056e-02 2.153220e-02 1.816675e-02 1.489115e-02 1.020552e-02 1.705718e-03 2.827059e-03 3.285361e-03 4.096150e-03 5.025906e-03 4.778977e-03 4.879382e-03 5.657579e-03 4.791052e-03 3.999682e-03 3.303812e-03 2.866771e-03 1.974874e-03
<GCONST> -6.435271e+01
<STATE> 9
<NUMMIXES> 8
<MIXTURE> 1 1.250000e-01
<MEAN> 39
 6.905480e-01 -2.146132e-01 -3.622507e-02 -1.281504e-01 -3.077346e-01 -2.452822e-01 -2.867967e-01 1.242522e-01 2.643856e-02 3.243012e-02 2.832353e-02 -1.132246e-01 6.274911e-01 -1.047890e-02 1.352774e-01 8.749367e-02 1.188655e-01 7.495649e-03 -4.806482e-02 1.022051e-02 -9.108444e-02 -7.430570e-02 -1.039062e-02 -3.105266e-02 2.732256e-03 -1.513496e-01 -3.174404e-02 1.467677e-02 -2.251218e-03 2.759625e-03 2.251926e-02 2.150166e-02 2.038447e-02 -1.541559e-02 -7.600678e-03 -7.290418e-03 -4.065125e-03 4.819605e-03 -1.587689e-02
<VARIANCE> 39
 1.620077e-01 3.356745e-01 6.399478e-01 5.462623e-01 5.930315e-01 6.564202e-01 5.064445e-01 5.959519e-01 4.747582e-01 3.635720e-01 2.970729e-01 2.407657e-01 2.268946e-01 1.185329e-02 2.395184e-02 2.965694e-02 3.263831e-02 3.898190e-02 3.664961e-02 3.429840e-02 4.366986e-02 3.433860e-02 2.852956e-02 2.218392e-02 1.817588e-02 2.194681e-02 2.735517e-03 3.362434e-03 4.369920e-03 5.248120e-03 6.185524e-03 6.136513e-03 5.640427e-03 7.502374e-03 6.189791e-03 5.156469e-03 4.235580e-03 3.458178e-03 2.545832e-03
<GCONST> -5.701577e+01
<MIXTURE> 2 1.250000e-01
<MEAN> 39
 6.905480e-01 -2.146132e-01 -3.622507e-02 -1.281504e-01 -3.077346e-01 -2.452822e-01 -2.867967e-01 1.242522e-01 2.643856e-02 3.243012e-02 2.832353e-02 -1.132246e-01 6.274911e-01 -1.047890e-02 1.352774e-01 8.749367e-02 1.188655e-01 7.495649e-03 -4.806482e-02 1.022051e-02 -9.108444e-02 -7.430570e-02 -1.039062e-02 -3.105266e-02 2.732256e-03 -1.513496e-01 -3.174404e-02 1.467677e-02 -2.251218e-03 2.759625e-03 2.251926e-02 2.150166e-02 2.038447e-02 -1.541559e-02 -7.600678e-03 -7.290418e-03 -4.065125e-03 4.819605e-03 -1.587689e-02
<VARIANCE> 39
 1.620077e-01 3.356745e-01 6.399478e-01 5.462623e-01 5.930315e-01 6.564202e-01 5.064445e-01 5.959519e-01 4.747582e-01 3.635720e-01 2.970729e-01 2.407657e-01 2.268946e-01 1.185329e-02 2.395184e-02 2.965694e-02 3.263831e-02 3.898190e-02 3.664961e-02 3.429840e-02 4.366986e-02 3.433860e-02 2.852956e-02 2.218392e-02 1.817588e-02 2.194681e-02 2.735517e-03 3.362434e-03 4.369920e-03 5.248120e-03 6.185524e-03 6.136513e-03 5.640427e-03 7.502374e-03 6.189791e-03 5.156469e-03 4.235580e-03 3.458178e-03 2.545832e-03
<GCONST> -5.701577e+01
<MIXTURE> 3 1.250000e-01
<MEAN> 39
 6.905480e-01 -2.146132e-01 -3.622507e-02 -1.281504e-01 -3.077346e-01 -2.452822e-01 -2.867967e-01 1.242522e-01 2.643856e-02 3.243012e-02 2.832353e-02 -1.132246e-01 6.274911e-01 -1.047890e-02 1.352774e-01 8.749367e-02 1.188655e-01 7.495649e-03 -4.806482e-02 1.022051e-02 -9.108444e-02 -7.430570e-02 -1.039062e-02 -3.105266e-02 2.732256e-03 -1.513496e-01 -3.174404e-02 1.467677e-02 -2.251218e-03 2.759625e-03 2.251926e-02 2.150166e-02 2.038447e-02 -1.541559e-02 -7.600678e-03 -7.290418e-03 -4.065125e-03 4.819605e-03 -1.587689e-02
<VARIANCE> 39
 1.620077e-01 3.356745e-01 6.399478e-01 5.462623e-01 5.930315e-01 6.564202e-01 5.064445e-01 5.959519e-01 4.747582e-01 3.635720e-01 2.970729e-01 2.407657e-01 2.268946e-01 1.185329e-02 2.395184e-02 2.965694e-02 3.263831e-02 3.898190e-02 3.664961e-02 3.429840e-02 4.366986e-02 3.433860e-02 2.852956e-02 2.218392e-02 1.817588e-02 2.194681e-02 2.735517e-03 3.362434e-03 4.369920e-03 5.248120e-03 6.185524e-03 6.136513e-03 5.640427e-03 7.502374e-03 6.189791e-03 5.156469e-03 4.235580e-03 3.458178e-03 2.545832e-03
<GCONST> -5.701577e+01
<MIXTURE> 4 1.250000e-01
<MEAN> 39
 6.905480e-01 -2.146132e-01 -3.622507e-02 -1.281504e-01 -3.077346e-01 -2.452822e-01 -2.867967e-01 1.242522e-01 2.643856e-02 3.243012e-02 2.832353e-02 -1.132246e-01 6.274911e-01 -1.047890e-02 1.352774e-01 8.749367e-02 1.188655e-01 7.495649e-03 -4.806482e-02 1.022051e-02 -9.108444e-02 -7.430570e-02 -1.039062e-02 -3.105266e-02 2.732256e-03 -1.513496e-01 -3.174404e-02 1.467677e-02 -2.251218e-03 2.759625e-03 2.251926e-02 2.150166e-02 2.038447e-02 -1.541559e-02 -7.600678e-03 -7.290418e-03 -4.065125e-03 4.819605e-03 -1.587689e-02
<VARIANCE> 39
 1.620077e-01 3.356745e-01 6.399478e-01 5.462623e-01 5.930315e-01 6.564202e-01 5.064445e-01 5.959519e-01 4.747582e-01 3.635720e-01 2.970729e-01 2.407657e-01 2.268946e-01 1.185329e-02 2.395184e-02 2.965694e-02 3.263831e-02 3.898190e-02 3.664961e-02 3.429840e-02 4.366986e-02 3.433860e-02 2.852956e-02 2.218392e-02 1.817588e-02 2.194681e-02 2.735517e-03 3.362434e-03 4.369920e-03 5.248120e-03 6.185524e-03 6.136513e-03 5.640427e-03 7.502374e-03 6.189791e-03 5.156469e-03 4.235580e-03 3.458178e-03 2.545832e-03
<GCONST> -5.701577e+01
<MIXTURE> 5 1.250000e-01
<MEAN> 39
 6.905480e-01 -2.146132e-01 -3.622507e-02 -1.281504e-01 -3.077346e-01 -2.452822e-01 -2.867967e-01 1.242522e-01 2.643856e-02 3.243012e-02 2.832353e-02 -1.132246e-01 6.274911e-01 -1.047890e-02 1.352774e-01 8.749367e-02 1.188655e-01 7.495649e-03 -4.806482e-02 1.022051e-02 -9.108444e-02 -7.430570e-02 -1.039062e-02 -3.105266e-02 2.732256e-03 -1.513496e-01 -3.174404e-02 1.467677e-02 -2.251218e-03 2.759625e-03 2.251926e-02 2.150166e-02 2.038447e-02 -1.541559e-02 -7.600678e-03 -7.290418e-03 -4.065125e-03 4.819605e-03 -1.587689e-02
<VARIANCE> 39
 1.620077e-01 3.356745e-01 6.399478e-01 5.462623e-01 5.930315e-01 6.564202e-01 5.064445e-01 5.959519e-01 4.747582e-01 3.635720e-01 2.970729e-01 2.407657e-01 2.268946e-01 1.185329e-02 2.395184e-02 2.965694e-02 3.263831e-02 3.898190e-02 3.664961e-02 3.429840e-02 4.366986e-02 3.433860e-02 2.852956e-02 2.218392e-02 1.817588e-02 2.194681e-02 2.735517e-03 3.362434e-03 4.369920e-03 5.248120e-03 6.185524e-03 6.136513e-03 5.640427e-03 7.502374e-03 6.189791e-03 5.156469e-03 4.235580e-03 3.458178e-03 2.545832e-03
<GCONST> -5.701577e+01
<MIXTURE> 6 1.250000e-01
<MEAN> 39
 6.905480e-01 -2.146132e-01 -3.622507e-02 -1.281504e-01 -3.077346e-01 -2.452822e-01 -2.867967e-01 1.242522e-01 2.643856e-02 3.243012e-02 2.832353e-02 -1.132246e-01 6.274911e-01 -1.047890e-02 1.352774e-01 8.749367e-02 1.188655e-01 7.495649e-03 -4.806482e-02 1.022051e-02 -9.108444e-02 -7.430570e-02 -1.039062e-02 -3.105266e-02 2.732256e-03 -1.513496e-01 -3.174404e-02 1.467677e-02 -2.251218e-03 2.759625e-03 2.251926e-02 2.150166e-02 2.038447e-02 -1.541559e-02 -7.600678e-03 -7.290418e-03 -4.065125e-03 4.819605e-03 -1.587689e-02
<VARIANCE> 39
 1.620077e-01 3.356745e-01 6.399478e-01 5.462623e-01 5.930315e-01 6.564202e-01 5.064445e-01 5.959519e-01 4.747582e-01 3.635720e-01 2.970729e-01 2.407657e-01 2.268946e-01 1.185329e-02 2.395184e-02 2.965694e-02 3.263831e-02 3.898190e-02 3.664961e-02 3.429840e-02 4.366986e-02 3.433860e-02 2.852956e-02 2.218392e-02 1.817588e-02 2.194681e-02 2.735517e-03 3.362434e-03 4.369920e-03 5.248120e-03 6.185524e-03 6.136513e-03 5.640427e-03 7.502374e-03 6.189791e-03 5.156469e-03 4.235580e-03 3.458178e-03 2.545832e-03
<GCONST> -5.701577e+01
<MIXTURE> 7 1.250000e-01
<MEAN> 39
 6.905480e-01 -2.146132e-01 -3.622507e-02 -1.281504e-01 -3.077346e-01 -2.452822e-01 -2.867967e-01 1.242522e-01 2.643856e-02 3.243012e-02 2.832353e-02 -1.132246e-01 6.274911e-01 -1.047890e-02 1.352774e-01 8.749367e-02 1.188655e-01 7.495649e-03 -4.806482e-02 1.022051e-02 -9.108444e-02 -7.430570e-02 -1.039062e-02 -3.105266e-02 2.732256e-03 -1.513496e-01 -3.174404e-02 1.467677e-02 -2.251218e-03 2.759625e-03 2.251926e-02 2.150166e-02 2.038447e-02 -1.541559e-02 -7.600678e-03 -7.290418e-03 -4.065125e-03 4.819605e-03 -1.587689e-02
<VARIANCE> 39
 1.620077e-01 3.356745e-01 6.399478e-01 5.462623e-01 5.930315e-01 6.564202e-01 5.064445e-01 5.959519e-01 4.747582e-01 3.635720e-01 2.970729e-01 2.407657e-01 2.268946e-01 1.185329e-02 2.395184e-02 2.965694e-02 3.263831e-02 3.898190e-02 3.664961e-02 3.429840e-02 4.366986e-02 3.433860e-02 2.852956e-02 2.218392e-02 1.817588e-02 2.194681e-02 2.735517e-03 3.362434e-03 4.369920e-03 5.248120e-03 6.185524e-03 6.136513e-03 5.640427e-03 7.502374e-03 6.189791e-03 5.156469e-03 4.235580e-03 3.458178e-03 2.545832e-03
<GCONST> -5.701577e+01
<MIXTURE> 8 1.250000e-01
<MEAN> 39
 6.905480e-01 -2.146132e-01 -3.622507e-02 -1.281504e-01 -3.077346e-01 -2.452822e-01 -2.867967e-01 1.242522e-01 2.643856e-02 3.243012e-02 2.832353e-02 -1.132246e-01 6.274911e-01 -1.047890e-02 1.352774e-01 8.749367e-02 1.188655e-01 7.495649e-03 -4.806482e-02 1.022051e-02 -9.108444e-02 -7.430570e-02 -1.039062e-02 -3.105266e-02 2.732256e-03 -1.513496e-01 -3.174404e-02 1.467677e-02 -2.251218e-03 2.759625e-03 2.251926e-02 2.150166e-02 2.038447e-02 -1.541559e-02 -7.600678e-03 -7.290418e-03 -4.065125e-03 4.819605e-03 -1.587689e-02
<VARIANCE> 39
 1.620077e-01 3.356745e-01 6.399478e-01 5.462623e-01 5.930315e-01 6.564202e-01 5.064445e-01 5.959519e-01 4.747582e-01 3.635720e-01 2.970729e-01 2.407657e-01 2.268946e-01 1.185329e-02 2.395184e-02 2.965694e-02 3.263831e-02 3.898190e-02 3.664961e-02 3.429840e-02 4.366986e-02 3.433860e-02 2.852956e-02 2.218392e-02 1.817588e-02 2.194681e-02 2.735517e-03 3.362434e-03 4.369920e-03 5.248120e-03 6.185524e-03 6.136513e-03 5.640427e-03 7.502374e-03 6.189791e-03 5.156469e-03 4.235580e-03 3.458178e-03 2.545832e-03
<GCONST> -5.701577e+01
<STATE> 10
<NUMMIXES> 8
<MIXTURE> 1 1.250000e-01
<MEAN> 39
 6.381231e-01 1.505693e-01 1.366084e-01 2.071534e-01 -1.870148e-01 -2.565427e-01 -2.128384e-01 -1.676836e-01 -1.620054e-01 -3.450061e-02 -1.137284e-01 -1.279437e-01 1.551865e-01 -9.462038e-02 1.073927e-01 4.621731e-02 7.163396e-02 5.607743e-02 1.086599e-02 4.389454e-02 -6.016449e-02 -4.416310e-02 -2.039467e-02 -2.343031e-02 1.254225e-02 -1.326918e-01 -5.291518e-02 -3.196928e-02 -1.728480e-02 -4.182797e-02 4.605829e-03 2.173647e-02 1.421322e-02 2.580487e-02 2.108786e-02 5.037880e-03 1.679708e-02 1.255397e-02 4.186718e-02
<VARIANCE> 39
 1.740030e-01 3.602799e-01 5.136969e-01 4.620405e-01 5.379919e-01 5.245739e-01 4.051524e-01 5.169179e-01 4.358127e-01 3.254820e-01 2.672689e-01 2.104406e-01 3.536196e-01 2.404085e-02 2.954749e-02 3.469627e-02 3.905093e-02 4.256159e-02 3.924209e-02 3.273976e-02 4.396208e-02 3.462091e-02 2.763031e-02 2.174516e-02 1.769654e-02 2.756779e-02 4.384499e-03 4.657811e-03 4.916843e-03 5.844390e-03 6.809763e-03 6.226871e-03 5.701050e-03 7.544877e-03 6.429243e-03 5.397807e-03 4.227363e-03 3.433073e-03 4.386473e-03
<GCONST> -5.464465e+01
<MIXTURE> 2 1.250000e-01
<MEAN> 39
 6.381231e-01 1.505693e-01 1.366084e-01 2.071534e-01 -1.870148e-01 -2.565427e-01 -2.128384e-01 -1.676836e-01 -1.620054e-01 -3.450061e-02 -1.137284e-01 -1.279437e-01 1.551865e-01 -9.462038e-02 1.073927e-01 4.621731e-02 7.163396e-02 5.607743e-02 1.086599e-02 4.389454e-02 -6.016449e-02 -4.416310e-02 -2.039467e-02 -2.343031e-02 1.254225e-02 -1.326918e-01 -5.291518e-02 -3.196928e-02 -1.728480e-02 -4.182797e-02 4.605829e-03 2.173647e-02 1.421322e-02 2.580487e-02 2.108786e-02 5.037880e-03 1.679708e-02 1.255397e-02 4.186718e-02
<VARIANCE> 39
 1.740030e-01 3.602799e-01 5.136969e-01 4.620405e-01 5.379919e-01 5.245739e-01 4.051524e-01 5.169179e-01 4.358127e-01 3.254820e-01 2.672689e-01 2.104406e-01 3.536196e-01 2.404085e-02 2.954749e-02 3.469627e-02 3.905093e-02 4.256159e-02 3.924209e-02 3.273976e-02 4.396208e-02 3.462091e-02 2.763031e-02 2.174516e-02 1.769654e-02 2.756779e-02 4.384499e-03 4.657811e-03 4.916843e-03 5.844390e-03 6.809763e-03 6.226871e-03 5.701050e-03 7.544877e-03 6.429243e-03 5.397807e-03 4.227363e-03 3.433073e-03 4.386473e-03
<GCONST> -5.464465e+01
<MIXTURE> 3 1.250000e-01
<MEAN> 39
 6.381231e-01 1.505693e-01 1.366084e-01 2.071534e-01 -1.870148e-01 -2.565427e-01 -2.128384e-01 -1.676836e-01 -1.620054e-01 -3.450061e-02 -1.137284e-01 -1.279437e-01 1.551865e-01 -9.462038e-02 1.073927e-01 4.621731e-02 7.163396e-02 5.607743e-02 1.086599e-02 4.389454e-02 -6.016449e-02 -4.416310e-02 -2.039467e-02 -2.343031e-02 1.254225e-02 -1.326918e-01 -5.291518e-02 -3.196928e-02 -1.728480e-02 -4.182797e-02 4.605829e-03 2.173647e-02 1.421322e-02 2.580487e-02 2.108786e-02 5.037880e-03 1.679708e-02 1.255397e-02 4.186718e-02
<VARIANCE> 39
 1.740030e-01 3.602799e-01 5.136969e-01 4.620405e-01 5.379919e-01 5.245739e-01 4.051524e-01 5.169179e-01 4.358127e-01 3.254820e-01 2.672689e-01 2.104406e-01 3.536196e-01 2.404085e-02 2.954749e-02 3.469627e-02 3.905093e-02 4.256159e-02 3.924209e-02 3.273976e-02 4.396208e-02 3.462091e-02 2.763031e-02 2.174516e-02 1.769654e-02 2.756779e-02 4.384499e-03 4.657811e-03 4.916843e-03 5.844390e-03 6.809763e-03 6.226871e-03 5.701050e-03 7.544877e-03 6.429243e-03 5.397807e-03 4.227363e-03 3.433073e-03 4.386473e-03
<GCONST> -5.464465e+01
<MIXTURE> 4 1.250000e-01
<MEAN> 39
 6.381231e-01 1.505693e-01 1.366084e-01 2.071534e-01 -1.870148e-01 -2.565427e-01 -2.128384e-01 -1.676836e-01 -1.620054e-01 -3.450061e-02 -1.137284e-01 -1.279437e-01 1.551865e-01 -9.462038e-02 1.073927e-01 4.621731e-02 7.163396e-02 5.607743e-02 1.086599e-02 4.389454e-02 -6.016449e-02 -4.416310e-02 -2.039467e-02 -2.343031e-02 1.254225e-02 -1.326918e-01 -5.291518e-02 -3.196928e-02 -1.728480e-02 -4.182797e-02 4.605829e-03 2.173647e-02 1.421322e-02 2.580487e-02 2.108786e-02 5.037880e-03 1.679708e-02 1.255397e-02 4.186718e-02
<VARIANCE> 39
 1.740030e-01 3.602799e-01 5.136969e-01 4.620405e-01 5.379919e-01 5.245739e-01 4.051524e-01 5.169179e-01 4.358127e-01 3.254820e-01 2.672689e-01 2.104406e-01 3.536196e-01 2.404085e-02 2.954749e-02 3.469627e-02 3.905093e-02 4.256159e-02 3.924209e-02 3.273976e-02 4.396208e-02 3.462091e-02 2.763031e-02 2.174516e-02 1.769654e-02 2.756779e-02 4.384499e-03 4.657811e-03 4.916843e-03 5.844390e-03 6.809763e-03 6.226871e-03 5.701050e-03 7.544877e-03 6.429243e-03 5.397807e-03 4.227363e-03 3.433073e-03 4.386473e-03
<GCONST> -5.464465e+01
<MIXTURE> 5 1.250000e-01
<MEAN> 39
 6.381231e-01 1.505693e-01 1.366084e-01 2.071534e-01 -1.870148e-01 -2.565427e-01 -2.128384e-01 -1.676836e-01 -1.620054e-01 -3.450061e-02 -1.137284e-01 -1.279437e-01 1.551865e-01 -9.462038e-02 1.073927e-01 4.621731e-02 7.163396e-02 5.607743e-02 1.086599e-02 4.389454e-02 -6.016449e-02 -4.416310e-02 -2.039467e-02 -2.343031e-02 1.254225e-02 -1.326918e-01 -5.291518e-02 -3.196928e-02 -1.728480e-02 -4.182797e-02 4.605829e-03 2.173647e-02 1.421322e-02 2.580487e-02 2.108786e-02 5.037880e-03 1.679708e-02 1.255397e-02 4.186718e-02
<VARIANCE> 39
 1.740030e-01 3.602799e-01 5.136969e-01 4.620405e-01 5.379919e-01 5.245739e-01 4.051524e-01 5.169179e-01 4.358127e-01 3.254820e-01 2.672689e-01 2.104406e-01 3.536196e-01 2.404085e-02 2.954749e-02 3.469627e-02 3.905093e-02 4.256159e-02 3.924209e-02 3.273976e-02 4.396208e-02 3.462091e-02 2.763031e-02 2.174516e-02 1.769654e-02 2.756779e-02 4.384499e-03 4.657811e-03 4.916843e-03 5.844390e-03 6.809763e-03 6.226871e-03 5.701050e-03 7.544877e-03 6.429243e-03 5.397807e-03 4.227363e-03 3.433073e-03 4.386473e-03
<GCONST> -5.464465e+01
<MIXTURE> 6 1.250000e-01
<MEAN> 39
 6.381231e-01 1.505693e-01 1.366084e-01 2.071534e-01 -1.870148e-01 -2.565427e-01 -2.128384e-01 -1.676836e-01 -1.620054e-01 -3.450061e-02 -1.137284e-01 -1.279437e-01 1.551865e-01 -9.462038e-02 1.073927e-01 4.621731e-02 7.163396e-02 5.607743e-02 1.086599e-02 4.389454e-02 -6.016449e-02 -4.416310e-02 -2.039467e-02 -2.343031e-02 1.254225e-02 -1.326918e-01 -5.291518e-02 -3.196928e-02 -1.728480e-02 -4.182797e-02 4.605829e-03 2.173647e-02 1.421322e-02 2.580487e-02 2.108786e-02 5.037880e-03 1.679708e-02 1.255397e-02 4.186718e-02
<VARIANCE> 39
 1.740030e-01 3.602799e-01 5.136969e-01 4.620405e-01 5.379919e-01 5.245739e-01 4.051524e-01 5.169179e-01 4.358127e-01 3.254820e-01 2.672689e-01 2.104406e-01 3.536196e-01 2.404085e-02 2.954749e-02 3.469627e-02 3.905093e-02 4.256159e-02 3.924209e-02 3.273976e-02 4.396208e-02 3.462091e-02 2.763031e-02 2.174516e-02 1.769654e-02 2.756779e-02 4.384499e-03 4.657811e-03 4.916843e-03 5.844390e-03 6.809763e-03 6.226871e-03 5.701050e-03 7.544877e-03 6.429243e-03 5.397807e-03 4.227363e-03 3.433073e-03 4.386473e-03
<GCONST> -5.464465e+01
<MIXTURE> 7 1.250000e-01
<MEAN> 39
 6.381231e-01 1.505693e-01 1.366084e-01 2.071534e-01 -1.870148e-01 -2.565427e-01 -2.128384e-01 -1.676836e-01 -1.620054e-01 -3.450061e-02 -1.137284e-01 -1.279437e-01 1.551865e-01 -9.462038e-02 1.073927e-01 4.621731e-02 7.163396e-02 5.607743e-02 1.086599e-02 4.389454e-02 -6.016449e-02 -4.416310e-02 -2.039467e-02 -2.343031e-02 1.254225e-02 -1.326918e-01 -5.291518e-02 -3.196928e-02 -1.728480e-02 -4.182797e-02 4.605829e-03 2.173647e-02 1.421322e-02 2.580487e-02 2.108786e-02 5.037880e-03 1.679708e-02 1.255397e-02 4.186718e-02
<VARIANCE> 39
 1.740030e-01 3.602799e-01 5.136969e-01 4.620405e-01 5.379919e-01 5.245739e-01 4.051524e-01 5.169179e-01 4.358127e-01 3.254820e-01 2.672689e-01 2.104406e-01 3.536196e-01 2.404085e-02 2.954749e-02 3.469627e-02 3.905093e-02 4.256159e-02 3.924209e-02 3.273976e-02 4.396208e-02 3.462091e-02 2.763031e-02 2.174516e-02 1.769654e-02 2.756779e-02 4.384499e-03 4.657811e-03 4.916843e-03 5.844390e-03 6.809763e-03 6.226871e-03 5.701050e-03 7.544877e-03 6.429243e-03 5.397807e-03 4.227363e-03 3.433073e-03 4.386473e-03
<GCONST> -5.464465e+01
<MIXTURE> 8 1.250000e-01
<MEAN> 39
 6.381231e-01 1.505693e-01 1.366084e-01 2.071534e-01 -1.870148e-01 -2.565427e-01 -2.128384e-01 -1.676836e-01 -1.620054e-01 -3.450061e-02 -1.137284e-01 -1.279437e-01 1.551865e-01 -9.462038e-02 1.073927e-01 4.621731e-02 7.163396e-02 5.607743e-02 1.086599e-02 4.389454e-02 -6.016449e-02 -4.416310e-02 -2.039467e-02 -2.343031e-02 1.254225e-02 -1.326918e-01 -5.291518e-02 -3.196928e-02 -1.728480e-02 -4.182797e-02 4.605829e-03 2.173647e-02 1.421322e-02 2.580487e-02 2.108786e-02 5.037880e-03 1.679708e-02 1.255397e-02 4.186718e-02
<VARIANCE> 39
 1.740030e-01 3.602799e-01 5.136969e-01 4.620405e-01 5.379919e-01 5.245739e-01 4.051524e-01 5.169179e-01 4.358127e-01 3.254820e-01 2.672689e-01 2.104406e-01 3.536196e-01 2.404085e-02 2.954749e-02 3.469627e-02 3.905093e-02 4.256159e-02 3.924209e-02 3.273976e-02 4.396208e-02 3.462091e-02 2.763031e-02 2.174516e-02 1.769654e-02 2.756779e-02 4.384499e-03 4.657811e-03 4.916843e-03 5.844390e-03 6.809763e-03 6.226871e-03 5.701050e-03 7.544877e-03 6.429243e-03 5.397807e-03 4.227363e-03 3.433073e-03 4.386473e-03
<GCONST> -5.464465e+01
<STATE> 11
<NUMMIXES> 8
<MIXTURE> 1 1.250000e-01
<MEAN> 39
 2.228060e-01 2.209360e-01 1.848398e-01 1.859756e-01 -4.385746e-02 -1.453161e-01 -4.709645e-02 -1.588499e-01 -1.477389e-01 -6.545348e-02 -8.950779e-02 -2.904837e-02 6.555036e-03 -2.105038e-01 1.209604e-02 3.606987e-03 -5.075631e-02 3.841706e-02 3.960748e-02 5.536921e-02 4.127833e-03 1.418016e-02 1.414743e-02 3.182171e-02 4.338253e-02 2.676165e-02 -2.256848e-02 -2.621575e-02 -1.599034e-02 -3.431857e-02 -1.655829e-02 2.586447e-03 -3.886241e-03 2.094141e-02 1.871094e-02 1.361368e-02 1.538290e-02 2.264810e-03 5.143592e-02
<VARIANCE> 39
 3.259190e-01 4.309059e-01 5.374708e-01 4.372437e-01 5.358560e-01 4.576209e-01 3.430983e-01 3.902135e-01 3.491356e-01 2.677172e-01 2.019423e-01 1.457996e-01 5.039621e-01 5.995189e-02 4.100526e-02 4.445363e-02 4.694416e-02 5.433578e-02 4.237910e-02 3.492923e-02 4.062370e-02 3.504565e-02 2.664833e-02 2.220122e-02 1.777008e-02 3.761271e-02 5.827341e-03 5.775506e-03 5.989315e-03 5.991725e-03 7.205450e-03 6.186770e-03 5.361579e-03 6.351183e-03 5.605444e-03 4.580127e-03 3.587248e-03 2.676296e-03 6.204549e-03
<GCONST> -5.268381e+01
<MIXTURE> 2 1.250000e-01
<MEAN> 39
 2.228060e-01 2.209360e-01 1.848398e-01 1.859756e-01 -4.385746e-02 -1.453161e-01 -4.709645e-02 -1.588499e-01 -1.477389e-01 -6.545348e-02 -8.950779e-02 -2.904837e-02 6.555036e-03 -2.105038e-01 1.209604e-02 3.606987e-03 -5.075631e-02 3.841706e-02 3.960748e-02 5.536921e-02 4.127833e-03 1.418016e-02 1.414743e-02 3.182171e-02 4.338253e-02 2.676165e-02 -2.256848e-02 -2.621575e-02 -1.599034e-02 -3.431857e-02 -1.655829e-02 2.586447e-03 -3.886241e-03 2.094141e-02 1.871094e-02 1.361368e-02 1.538290e-02 2.264810e-03 5.143592e-02
<VARIANCE> 39
 3.259190e-01 4.309059e-01 5.374708e-01 4.372437e-01 5.358560e-01 4.576209e-01 3.430983e-01 3.902135e-01 3.491356e-01 2.677172e-01 2.019423e-01 1.457996e-01 5.039621e-01 5.995189e-02 4.100526e-02 4.445363e-02 4.694416e-02 5.433578e-02 4.237910e-02 3.492923e-02 4.062370e-02 3.504565e-02 2.664833e-02 2.220122e-02 1.777008e-02 3.761271e-02 5.827341e-03 5.775506e-03 5.989315e-03 5.991725e-03 7.205450e-03 6.186770e-03 5.361579e-03 6.351183e-03 5.605444e-03 4.580127e-03 3.587248e-03 2.676296e-03 6.204549e-03
<GCONST> -5.268381e+01
<MIXTURE> 3 1.250000e-01
<MEAN> 39
 2.228060e-01 2.209360e-01 1.848398e-01 1.859756e-01 -4.385746e-02 -1.453161e-01 -4.709645e-02 -1.588499e-01 -1.477389e-01 -6.545348e-02 -8.950779e-02 -2.904837e-02 6.555036e-03 -2.105038e-01 1.209604e-02 3.606987e-03 -5.075631e-02 3.841706e-02 3.960748e-02 5.536921e-02 4.127833e-03 1.418016e-02 1.414743e-02 3.182171e-02 4.338253e-02 2.676165e-02 -2.256848e-02 -2.621575e-02 -1.599034e-02 -3.431857e-02 -1.655829e-02 2.586447e-03 -3.886241e-03 2.094141e-02 1.871094e-02 1.361368e-02 1.538290e-02 2.264810e-03 5.143592e-02
<VARIANCE> 39
 3.259190e-01 4.309059e-01 5.374708e-01 4.372437e-01 5.358560e-01 4.576209e-01 3.430983e-01 3.902135e-01 3.491356e-01 2.677172e-01 2.019423e-01 1.457996e-01 5.039621e-01 5.995189e-02 4.100526e-02 4.445363e-02 4.694416e-02 5.433578e-02 4.237910e-02 3.492923e-02 4.062370e-02 3.504565e-02 2.664833e-02 2.220122e-02 1.777008e-02 3.761271e-02 5.827341e-03 5.775506e-03 5.989315e-03 5.991725e-03 7.205450e-03 6.186770e-03 5.361579e-03 6.351183e-03 5.605444e-03 4.580127e-03 3.587248e-03 2.676296e-03 6.204549e-03
<GCONST> -5.268381e+01
<MIXTURE> 4 1.250000e-01
<MEAN> 39
 2.228060e-01 2.209360e-01 1.848398e-01 1.859756e-01 -4.385746e-02 -1.453161e-01 -4.709645e-02 -1.588499e-01 -1.477389e-01 -6.545348e-02 -8.950779e-02 -2.904837e-02 6.555036e-03 -2.105038e-01 1.209604e-02 3.606987e-03 -5.075631e-02 3.841706e-02 3.960748e-02 5.536921e-02 4.127833e-03 1.418016e-02 1.414743e-02 3.182171e-02 4.338253e-02 2.676165e-02 -2.256848e-02 -2.621575e-02 -1.599034e-02 -3.431857e-02 -1.655829e-02 2.586447e-03 -3.886241e-03 2.094141e-02 1.871094e-02 1.361368e-02 1.538290e-02 2.264810e-03 5.143592e-02
<VARIANCE> 39
 3.259190e-01 4.309059e-01 5.374708e-01 4.372437e-01 5.358560e-01 4.576209e-01 3.430983e-01 3.902135e-01 3.491356e-01 2.677172e-01 2.019423e-01 1.457996e-01 5.039621e-01 5.995189e-02 4.100526e-02 4.445363e-02 4.694416e-02 5.433578e-02 4.237910e-02 3.492923e-02 4.062370e-02 3.504565e-02 2.664833e-02 2.220122e-02 1.777008e-02 3.761271e-02 5.827341e-03 5.775506e-03 5.989315e-03 5.991725e-03 7.205450e-03 6.186770e-03 5.361579e-03 6.351183e-03 5.605444e-03 4.580127e-03 3.587248e-03 2.676296e-03 6.204549e-03
<GCONST> -5.268381e+01
<MIXTURE> 5 1.250000e-01
<MEAN> 39
 2.228060e-01 2.209360e-01 1.848398e-01 1.859756e-01 -4.385746e-02 -1.453161e-01 -4.709645e-02 -1.588499e-01 -1.477389e-01 -6.545348e-02 -8.950779e-02 -2.904837e-02 6.555036e-03 -2.105038e-01 1.209604e-02 3.606987e-03 -5.075631e-02 3.841706e-02 3.960748e-02 5.536921e-02 4.127833e-03 1.418016e-02 1.414743e-02 3.182171e-02 4.338253e-02 2.676165e-02 -2.256848e-02 -2.621575e-02 -1.599034e-02 -3.431857e-02 -1.655829e-02 2.586447e-03 -3.886241e-03 2.094141e-02 1.871094e-02 1.361368e-02 1.538290e-02 2.264810e-03 5.143592e-02
<VARIANCE> 39
 3.259190e-01 4.309059e-01 5.374708e-01 4.372437e-01 5.358560e-01 4.576209e-01 3.430983e-01 3.902135e-01 3.491356e-01 2.677172e-01 2.019423e-01 1.457996e-01 5.039621e-01 5.995189e-02 4.100526e-02 4.445363e-02 4.694416e-02 5.433578e-02 4.237910e-02 3.492923e-02 4.062370e-02 3.504565e-02 2.664833e-02 2.220122e-02 1.777008e-02 3.761271e-02 5.827341e-03 5.775506e-03 5.989315e-03 5.991725e-03 7.205450e-03 6.186770e-03 5.361579e-03 6.351183e-03 5.605444e-03 4.580127e-03 3.587248e-03 2.676296e-03 6.204549e-03
<GCONST> -5.268381e+01
<MIXTURE> 6 1.250000e-01
<MEAN> 39
 2.228060e-01 2.209360e-01 1.848398e-01 1.859756e-01 -4.385746e-02 -1.453161e-01 -4.709645e-02 -1.588499e-01 -1.477389e-01 -6.545348e-02 -8.950779e-02 -2.904837e-02 6.555036e-03 -2.105038e-01 1.209604e-02 3.606987e-03 -5.075631e-02 3.841706e-02 3.960748e-02 5.536921e-02 4.127833e-03 1.418016e-02 1.414743e-02 3.182171e-02 4.338253e-02 2.676165e-02 -2.256848e-02 -2.621575e-02 -1.599034e-02 -3.431857e-02 -1.655829e-02 2.586447e-03 -3.886241e-03 2.094141e-02 1.871094e-02 1.361368e-02 1.538290e-02 2.264810e-03 5.143592e-02
<VARIANCE> 39
 3.259190e-01 4.309059e-01 5.374708e-01 4.372437e-01 5.358560e-01 4.576209e-01 3.430983e-01 3.902135e-01 3.491356e-01 2.677172e-01 2.019423e-01 1.457996e-01 5.039621e-01 5.995189e-02 4.100526e-02 4.445363e-02 4.694416e-02 5.433578e-02 4.237910e-02 3.492923e-02 4.062370e-02 3.504565e-02 2.664833e-02 2.220122e-02 1.777008e-02 3.761271e-02 5.827341e-03 5.775506e-03 5.989315e-03 5.991725e-03 7.205450e-03 6.186770e-03 5.361579e-03 6.351183e-03 5.605444e-03 4.580127e-03 3.587248e-03 2.676296e-03 6.204549e-03
<GCONST> -5.268381e+01
<MIXTURE> 7 1.250000e-01
<MEAN> 39
 2.228060e-01 2.209360e-01 1.848398e-01 1.859756e-01 -4.385746e-02 -1.453161e-01 -4.709645e-02 -1.588499e-01 -1.477389e-01 -6.545348e-02 -8.950779e-02 -2.904837e-02 6.555036e-03 -2.105038e-01 1.209604e-02 3.606987e-03 -5.075631e-02 3.841706e-02 3.960748e-02 5.536921e-02 4.127833e-03 1.418016e-02 1.414743e-02 3.182171e-02 4.338253e-02 2.676165e-02 -2.256848e-02 -2.621575e-02 -1.599034e-02 -3.431857e-02 -1.655829e-02 2.586447e-03 -3.886241e-03 2.094141e-02 1.871094e-02 1.361368e-02 1.538290e-02 2.264810e-03 5.143592e-02
<VARIANCE> 39
 3.259190e-01 4.309059e-01 5.374708e-01 4.372437e-01 5.358560e-01 4.576209e-01 3.430983e-01 3.902135e-01 3.491356e-01 2.677172e-01 2.019423e-01 1.457996e-01 5.039621e-01 5.995189e-02 4.100526e-02 4.445363e-02 4.694416e-02 5.433578e-02 4.237910e-02 3.492923e-02 4.062370e-02 3.504565e-02 2.664833e-02 2.220122e-02 1.777008e-02 3.761271e-02 5.827341e-03 5.775506e-03 5.989315e-03 5.991725e-03 7.205450e-03 6.186770e-03 5.361579e-03 6.351183e-03 5.605444e-03 4.580127e-03 3.587248e-03 2.676296e-03 6.204549e-03
<GCONST> -5.268381e+01
<MIXTURE> 8 1.250000e-01
<MEAN> 39
 2.228060e-01 2.209360e-01 1.848398e-01 1.859756e-01 -4.385746e-02 -1.453161e-01 -4.709645e-02 -1.588499e-01 -1.477389e-01 -6.545348e-02 -8.950779e-02 -2.904837e-02 6.555036e-03 -2.105038e-01 1.209604e-02 3.606987e-03 -5.075631e-02 3.841706e-02 3.960748e-02 5.536921e-02 4.127833e-03 1.418016e-02 1.414743e-02 3.182171e-02 4.338253e-02 2.676165e-02 -2.256848e-02 -2.621575e-02 -1.599034e-02 -3.431857e-02 -1.655829e-02 2.586447e-03 -3.886241e-03 2.094141e-02 1.871094e-02 1.361368e-02 1.538290e-02 2.264810e-03 5.143592e-02
<VARIANCE> 39
 3.259190e-01 4.309059e-01 5.374708e-01 4.372437e-01 5.358560e-01 4.576209e-01 3.430983e-01 3.902135e-01 3.491356e-01 2.677172e-01 2.019423e-01 1.457996e-01 5.039621e-01 5.995189e-02 4.100526e-02 4.445363e-02 4.694416e-02 5.433578e-02 4.237910e-02 3.492923e-02 4.062370e-02 3.504565e-02 2.664833e-02 2.220122e-02 1.777008e-02 3.761271e-02 5.827341e-03 5.775506e-03 5.989315e-03 5.991725e-03 7.205450e-03 6.186770e-03 5.361579e-03 6.351183e-03 5.605444e-03 4.580127e-03 3.587248e-03 2.676296e-03 6.204549e-03
<GCONST> -5.268381e+01
<STATE> 12
<NUMMIXES> 8
<MIXTURE> 1 1.250000e-01
<MEAN> 39
 -3.172017e-01 2.054903e-01 1.690993e-01 -5.110171e-02 -3.099496e-02 -7.270180e-02 5.593464e-02 -8.894101e-02 -6.716171e-02 -5.575572e-03 2.411529e-02 7.534727e-02 3.487447e-01 -1.922183e-01 1.801394e-02 -1.826319e-02 -6.346183e-02 6.882735e-04 3.122586e-02 3.717136e-02 1.477131e-02 2.258663e-02 2.786539e-02 4.082276e-02 2.943520e-02 5.174788e-02 4.411016e-02 -1.310286e-02 -1.052469e-02 5.382305e-03 -1.595816e-02 -9.250599e-03 -1.609129e-02 8.708367e-03 6.233062e-03 1.728707e-03 -3.709349e-03 -1.128472e-02 -3.425208e-03
<VARIANCE> 39
 8.646797e-01 5.151767e-01 6.684524e-01 5.260163e-01 6.496981e-01 4.749205e-01 3.712481e-01 3.834558e-01 3.310470e-01 2.576318e-01 1.883802e-01 1.412943e-01 3.314374e-01 7.691695e-02 3.120266e-02 3.762374e-02 3.435509e-02 4.143090e-02 3.340770e-02 2.981527e-02 3.192641e-02 2.796239e-02 2.202371e-02 1.802711e-02 1.398165e-02 2.745566e-02 6.475219e-03 5.789225e-03 5.790293e-03 6.065665e-03 6.929525e-03 5.967889e-03 5.279704e-03 5.747579e-03 5.260245e-03 4.205876e-03 3.285269e-03 2.462225e-03 3.923567e-03
<GCONST> -5.491991e+01
<MIXTURE> 2 1.250000e-01
<MEAN> 39
 -3.172017e-01 2.054903e-01 1.690993e-01 -5.110171e-02 -3.099496e-02 -7.270180e-02 5.593464e-02 -8.894101e-02 -6.716171e-02 -5.575572e-03 2.411529e-02 7.534727e-02 3.487447e-01 -1.922183e-01 1.801394e-02 -1.826319e-02 -6.346183e-02 6.882735e-04 3.122586e-02 3.717136e-02 1.477131e-02 2.258663e-02 2.786539e-02 4.082276e-02 2.943520e-02 5.174788e-02 4.411016e-02 -1.310286e-02 -1.052469e-02 5.382305e-03 -1.595816e-02 -9.250599e-03 -1.609129e-02 8.708367e-03 6.233062e-03 1.728707e-03 -3.709349e-03 -1.128472e-02 -3.425208e-03
<VARIANCE> 39
 8.646797e-01 5.151767e-01 6.684524e-01 5.260163e-01 6.496981e-01 4.749205e-01 3.712481e-01 3.834558e-01 3.310470e-01 2.576318e-01 1.883802e-01 1.412943e-01 3.314374e-01 7.691695e-02 3.120266e-02 3.762374e-02 3.435509e-02 4.143090e-02 3.340770e-02 2.981527e-02 3.192641e-02 2.796239e-02 2.202371e-02 1.802711e-02 1.398165e-02 2.745566e-02 6.475219e-03 5.789225e-03 5.790293e-03 6.065665e-03 6.929525e-03 5.967889e-03 5.279704e-03 5.747579e-03 5.260245e-03 4.205876e-03 3.285269e-03 2.462225e-03 3.923567e-03
<GCONST> -5.491991e+01
<MIXTURE> 3 1.250000e-01
<MEAN> 39
 -3.172017e-01 2.054903e-01 1.690993e-01 -5.110171e-02 -3.099496e-02 -7.270180e-02 5.593464e-02 -8.894101e-02 -6.716171e-02 -5.575572e-03 2.411529e-02 7.534727e-02 3.487447e-01 -1.922183e-01 1.801394e-02 -1.826319e-02 -6.346183e-02 6.882735e-04 3.122586e-02 3.717136e-02 1.477131e-02 2.258663e-02 2.786539e-02 4.082276e-02 2.943520e-02 5.174788e-02 4.411016e-02 -1.310286e-02 -1.052469e-02 5.382305e-03 -1.595816e-02 -9.250599e-03 -1.609129e-02 8.708367e-03 6.233062e-03 1.728707e-03 -3.709349e-03 -1.128472e-02 -3.425208e-03
<VARIANCE> 39
 8.646797e-01 5.151767e-01 6.684524e-01 5.260163e-01 6.496981e-01 4.749205e-01 3.712481e-01 3.834558e-01 3.310470e-01 2.576318e-01 1.883802e-01 1.412943e-01 3.314374e-01 7.691695e-02 3.120266e-02 3.762374e-02 3.435509e-02 4.143090e-02 3.340770e-02 2.981527e-02 3.192641e-02 2.796239e-02 2.202371e-02 1.802711e-02 1.398165e-02 2.745566e-02 6.475219e-03 5.789225e-03 5.790293e-03 6.065665e-03 6.929525e-03 5.967889e-03 5.279704e-03 5.747579e-03 5.260245e-03 4.205876e-03 3.285269e-03 2.462225e-03 3.923567e-03
<GCONST> -5.491991e+01
<MIXTURE> 4 1.250000e-01
<MEAN> 39
 -3.172017e-01 2.054903e-01 1.690993e-01 -5.110171e-02 -3.099496e-02 -7.270180e-02 5.593464e-02 -8.894101e-02 -6.716171e-02 -5.575572e-03 2.411529e-02 7.534727e-02 3.487447e-01 -1.922183e-01 1.801394e-02 -1.826319e-02 -6.346183e-02 6.882735e-04 3.122586e-02 3.717136e-02 1.477131e-02 2.258663e-02 2.786539e-02 4.082276e-02 2.943520e-02 5.174788e-02 4.411016e-02 -1.310286e-02 -1.052469e-02 5.382305e-03 -1.595816e-02 -9.250599e-03 -1.609129e-02 8.708367e-03 6.233062e-03 1.728707e-03 -3.709349e-03 -1.128472e-02 -3.425208e-03
<VARIANCE> 39
 8.646797e-01 5.151767e-01 6.684524e-01 5.260163e-01 6.496981e-01 4.749205e-01 3.712481e-01 3.834558e-01 3.310470e-01 2.576318e-01 1.883802e-01 1.412943e-01 3.314374e-01 7.691695e-02 3.120266e-02 3.762374e-02 3.435509e-02 4.143090e-02 3.340770e-02 2.981527e-02 3.192641e-02 2.796239e-02 2.202371e-02 1.802711e-02 1.398165e-02 2.745566e-02 6.475219e-03 5.789225e-03 5.790293e-03 6.065665e-03 6.929525e-03 5.967889e-03 5.279704e-03 5.747579e-03 5.260245e-03 4.205876e-03 3.285269e-03 2.462225e-03 3.923567e-03
<GCONST> -5.491991e+01
<MIXTURE> 5 1.250000e-01
<MEAN> 39
 -3.172017e-01 2.054903e-01 1.690993e-01 -5.110171e-02 -3.099496e-02 -7.270180e-02 5.593464e-02 -8.894101e-02 -6.716171e-02 -5.575572e-03 2.411529e-02 7.534727e-02 3.487447e-01 -1.922183e-01 1.801394e-02 -1.826319e-02 -6.346183e-02 6.882735e-04 3.122586e-02 3.717136e-02 1.477131e-02 2.258663e-02 2.786539e-02 4.082276e-02 2.943520e-02 5.174788e-02 4.411016e-02 -1.310286e-02 -1.052469e-02 5.382305e-03 -1.595816e-02 -9.250599e-03 -1.609129e-02 8.708367e-03 6.233062e-03 1.728707e-03 -3.709349e-03 -1.128472e-02 -3.425208e-03
<VARIANCE> 39
 8.646797e-01 5.151767e-01 6.684524e-01 5.260163e-01 6.496981e-01 4.749205e-01 3.712481e-01 3.834558e-01 3.310470e-01 2.576318e-01 1.883802e-01 1.412943e-01 3.314374e-01 7.691695e-02 3.120266e-02 3.762374e-02 3.435509e-02 4.143090e-02 3.340770e-02 2.981527e-02 3.192641e-02 2.796239e-02 2.202371e-02 1.802711e-02 1.398165e-02 2.745566e-02 6.475219e-03 5.789225e-03 5.790293e-03 6.065665e-03 6.929525e-03 5.967889e-03 5.279704e-03 5.747579e-03 5.260245e-03 4.205876e-03 3.285269e-03 2.462225e-03 3.923567e-03
<GCONST> -5.491991e+01
<MIXTURE> 6 1.250000e-01
<MEAN> 39
 -3.172017e-01 2.054903e-01 1.690993e-01 -5.110171e-02 -3.099496e-02 -7.270180e-02 5.593464e-02 -8.894101e-02 -6.716171e-02 -5.575572e-03 2.411529e-02 7.534727e-02 3.487447e-01 -1.922183e-01 1.801394e-02 -1.826319e-02 -6.346183e-02 6.882735e-04 3.122586e-02 3.717136e-02 1.477131e-02 2.258663e-02 2.786539e-02 4.082276e-02 2.943520e-02 5.174788e-02 4.411016e-02 -1.310286e-02 -1.052469e-02 5.382305e-03 -1.595816e-02 -9.250599e-03 -1.609129e-02 8.708367e-03 6.233062e-03 1.728707e-03 -3.709349e-03 -1.128472e-02 -3.425208e-03
<VARIANCE> 39
 8.646797e-01 5.151767e-01 6.684524e-01 5.260163e-01 6.496981e-01 4.749205e-01 3.712481e-01 3.834558e-01 3.310470e-01 2.576318e-01 1.883802e-01 1.412943e-01 3.314374e-01 7.691695e-02 3.120266e-02 3.762374e-02 3.435509e-02 4.143090e-02 3.340770e-02 2.981527e-02 3.192641e-02 2.796239e-02 2.202371e-02 1.802711e-02 1.398165e-02 2.745566e-02 6.475219e-03 5.789225e-03 5.790293e-03 6.065665e-03 6.929525e-03 5.967889e-03 5.279704e-03 5.747579e-03 5.260245e-03 4.205876e-03 3.285269e-03 2.462225e-03 3.923567e-03
<GCONST> -5.491991e+01
<MIXTURE> 7 1.250000e-01
<MEAN> 39
 -3.172017e-01 2.054903e-01 1.690993e-01 -5.110171e-02 -3.099496e-02 -7.270180e-02 5.593464e-02 -8.894101e-02 -6.716171e-02 -5.575572e-03 2.411529e-02 7.534727e-02 3.487447e-01 -1.922183e-01 1.801394e-02 -1.826319e-02 -6.346183e-02 6.882735e-04 3.122586e-02 3.717136e-02 1.477131e-02 2.258663e-02 2.786539e-02 4.082276e-02 2.943520e-02 5.174788e-02 4.411016e-02 -1.310286e-02 -1.052469e-02 5.382305e-03 -1.595816e-02 -9.250599e-03 -1.609129e-02 8.708367e-03 6.233062e-03 1.728707e-03 -3.709349e-03 -1.128472e-02 -3.425208e-03
<VARIANCE> 39
 8.646797e-01 5.151767e-01 6.684524e-01 5.260163e-01 6.496981e-01 4.749205e-01 3.712481e-01 3.834558e-01 3.310470e-01 2.576318e-01 1.883802e-01 1.412943e-01 3.314374e-01 7.691695e-02 3.120266e-02 3.762374e-02 3.435509e-02 4.143090e-02 3.340770e-02 2.981527e-02 3.192641e-02 2.796239e-02 2.202371e-02 1.802711e-02 1.398165e-02 2.745566e-02 6.475219e-03 5.789225e-03 5.790293e-03 6.065665e-03 6.929525e-03 5.967889e-03 5.279704e-03 5.747579e-03 5.260245e-03 4.205876e-03 3.285269e-03 2.462225e-03 3.923567e-03
<GCONST> -5.491991e+01
<MIXTURE> 8 1.250000e-01
<MEAN> 39
 -3.172017e-01 2.054903e-01 1.690993e-01 -5.110171e-02 -3.099496e-02 -7.270180e-02 5.593464e-02 -8.894101e-02 -6.716171e-02 -5.575572e-03 2.411529e-02 7.534727e-02 3.487447e-01 -1.922183e-01 1.801394e-02 -1.826319e-02 -6.346183e-02 6.882735e-04 3.122586e-02 3.717136e-02 1.477131e-02 2.258663e-02 2.786539e-02 4.082276e-02 2.943520e-02 5.174788e-02 4.411016e-02 -1.310286e-02 -1.052469e-02 5.382305e-03 -1.595816e-02 -9.250599e-03 -1.609129e-02 8.708367e-03 6.233062e-03 1.728707e-03 -3.709349e-03 -1.128472e-02 -3.425208e-03
<VARIANCE> 39
 8.646797e-01 5.151767e-01 6.684524e-01 5.260163e-01 6.496981e-01 4.749205e-01 3.712481e-01 3.834558e-01 3.310470e-01 2.576318e-01 1.883802e-01 1.412943e-01 3.314374e-01 7.691695e-02 3.120266e-02 3.762374e-02 3.435509e-02 4.143090e-02 3.340770e-02 2.981527e-02 3.192641e-02 2.796239e-02 2.202371e-02 1.802711e-02 1.398165e-02 2.745566e-02 6.475219e-03 5.789225e-03 5.790293e-03 6.065665e-03 6.929525e-03 5.967889e-03 5.279704e-03 5.747579e-03 5.260245e-03 4.205876e-03 3.285269e-03 2.462225e-03 3.923567e-03
<GCONST> -5.491991e+01
<STATE> 13
<NUMMIXES> 8
<MIXTURE> 1 1.250000e-01
<MEAN> 39
 -5.058715e-01 2.944821e-01 1.925490e-01 -2.006367e-01 -1.613866e-01 6.723342e-03 8.661683e-02 -9.606170e-02 -4.524786e-02 4.610651e-02 8.355271e-02 8.593601e-02 4.191136e-01 -5.661513e-02 1.839825e-03 -1.632453e-02 -8.053235e-03 4.284835e-03 8.459705e-03 7.003961e-03 6.200922e-03 1.075261e-02 1.177075e-02 1.021802e-02 4.337327e-03 -1.130650e-02 4.214740e-02 -7.512966e-03 5.505203e-03 1.506832e-02 -2.156602e-03 -1.328604e-02 -1.028271e-02 2.694085e-03 -1.135400e-03 -5.500700e-03 -8.604936e-03 -6.019631e-03 -1.137492e-02
<VARIANCE> 39
 1.373303e+00 4.899133e-01 8.861262e-01 6.564649e-01 8.241521e-01 4.972559e-01 3.987051e-01 3.818455e-01 3.330907e-01 2.420940e-01 1.900605e-01 1.396218e-01 2.685917e-01 2.223831e-02 1.570481e-02 1.776374e-02 1.682239e-02 1.970361e-02 1.852182e-02 1.792288e-02 1.887882e-02 1.675475e-02 1.372338e-02 1.078160e-02 7.973745e-03 1.065300e-02 5.794809e-03 2.952516e-03 3.573652e-03 3.746773e-03 4.225415e-03 3.696132e-03 3.519581e-03 3.656200e-03 3.313954e-03 2.680870e-03 2.198463e-03 1.656512e-03 2.027293e-03
<GCONST> -6.864053e+01
<MIXTURE> 2 1.250000e-01
<MEAN> 39
 -5.058715e-01 2.944821e-01 1.925490e-01 -2.006367e-01 -1.613866e-01 6.723342e-03 8.661683e-02 -9.606170e-02 -4.524786e-02 4.610651e-02 8.355271e-02 8.593601e-02 4.191136e-01 -5.661513e-02 1.839825e-03 -1.632453e-02 -8.053235e-03 4.284835e-03 8.459705e-03 7.003961e-03 6.200922e-03 1.075261e-02 1.177075e-02 1.021802e-02 4.337327e-03 -1.130650e-02 4.214740e-02 -7.512966e-03 5.505203e-03 1.506832e-02 -2.156602e-03 -1.328604e-02 -1.028271e-02 2.694085e-03 -1.135400e-03 -5.500700e-03 -8.604936e-03 -6.019631e-03 -1.137492e-02
<VARIANCE> 39
 1.373303e+00 4.899133e-01 8.861262e-01 6.564649e-01 8.241521e-01 4.972559e-01 3.987051e-01 3.818455e-01 3.330907e-01 2.420940e-01 1.900605e-01 1.396218e-01 2.685917e-01 2.223831e-02 1.570481e-02 1.776374e-02 1.682239e-02 1.970361e-02 1.852182e-02 1.792288e-02 1.887882e-02 1.675475e-02 1.372338e-02 1.078160e-02 7.973745e-03 1.065300e-02 5.794809e-03 2.952516e-03 3.573652e-03 3.746773e-03 4.225415e-03 3.696132e-03 3.519581e-03 3.656200e-03 3.313954e-03 2.680870e-03 2.198463e-03 1.656512e-03 2.027293e-03
<GCONST> -6.864053e+01
<MIXTURE> 3 1.250000e-01
<MEAN> 39
 -5.058715e-01 2.944821e-01 1.925490e-01 -2.006367e-01 -1.613866e-01 6.723342e-03 8.661683e-02 -9.606170e-02 -4.524786e-02 4.610651e-02 8.355271e-02 8.593601e-02 4.191136e-01 -5.661513e-02 1.839825e-03 -1.632453e-02 -8.053235e-03 4.284835e-03 8.459705e-03 7.003961e-03 6.200922e-03 1.075261e-02 1.177075e-02 1.021802e-02 4.337327e-03 -1.130650e-02 4.214740e-02 -7.512966e-03 5.505203e-03 1.506832e-02 -2.156602e-03 -1.328604e-02 -1.028271e-02 2.694085e-03 -1.135400e-03 -5.500700e-03 -8.604936e-03 -6.019631e-03 -1.137492e-02
<VARIANCE> 39
 1.373303e+00 4.899133e-01 8.861262e-01 6.564649e-01 8.241521e-01 4.972559e-01 3.987051e-01 3.818455e-01 3.330907e-01 2.420940e-01 1.900605e-01 1.396218e-01 2.685917e-01 2.223831e-02 1.570481e-02 1.776374e-02 1.682239e-02 1.970361e-02 1.852182e-02 1.792288e-02 1.887882e-02 1.675475e-02 1.372338e-02 1.078160e-02 7.973745e-03 1.065300e-02 5.794809e-03 2.952516e-03 3.573652e-03 3.746773e-03 4.225415e-03 3.696132e-03 3.519581e-03 3.656200e-03 3.313954e-03 2.680870e-03 2.198463e-03 1.656512e-03 2.027293e-03
<GCONST> -6.864053e+01
<MIXTURE> 4 1.250000e-01
<MEAN> 39
 -5.058715e-01 2.944821e-01 1.925490e-01 -2.006367e-01 -1.613866e-01 6.723342e-03 8.661683e-02 -9.606170e-02 -4.524786e-02 4.610651e-02 8.355271e-02 8.593601e-02 4.191136e-01 -5.661513e-02 1.839825e-03 -1.632453e-02 -8.053235e-03 4.284835e-03 8.459705e-03 7.003961e-03 6.200922e-03 1.075261e-02 1.177075e-02 1.021802e-02 4.337327e-03 -1.130650e-02 4.214740e-02 -7.512966e-03 5.505203e-03 1.506832e-02 -2.156602e-03 -1.328604e-02 -1.028271e-02 2.694085e-03 -1.135400e-03 -5.500700e-03 -8.604936e-03 -6.019631e-03 -1.137492e-02
<VARIANCE> 39
 1.373303e+00 4.899133e-01 8.861262e-01 6.564649e-01 8.241521e-01 4.972559e-01 3.987051e-01 3.818455e-01 3.330907e-01 2.420940e-01 1.900605e-01 1.396218e-01 2.685917e-01 2.223831e-02 1.570481e-02 1.776374e-02 1.682239e-02 1.970361e-02 1.852182e-02 1.792288e-02 1.887882e-02 1.675475e-02 1.372338e-02 1.078160e-02 7.973745e-03 1.065300e-02 5.794809e-03 2.952516e-03 3.573652e-03 3.746773e-03 4.225415e-03 3.696132e-03 3.519581e-03 3.656200e-03 3.313954e-03 2.680870e-03 2.198463e-03 1.656512e-03 2.027293e-03
<GCONST> -6.864053e+01
<MIXTURE> 5 1.250000e-01
<MEAN> 39
 -5.058715e-01 2.944821e-01 1.925490e-01 -2.006367e-01 -1.613866e-01 6.723342e-03 8.661683e-02 -9.606170e-02 -4.524786e-02 4.610651e-02 8.355271e-02 8.593601e-02 4.191136e-01 -5.661513e-02 1.839825e-03 -1.632453e-02 -8.053235e-03 4.284835e-03 8.459705e-03 7.003961e-03 6.200922e-03 1.075261e-02 1.177075e-02 1.021802e-02 4.337327e-03 -1.130650e-02 4.214740e-02 -7.512966e-03 5.505203e-03 1.506832e-02 -2.156602e-03 -1.328604e-02 -1.028271e-02 2.694085e-03 -1.135400e-03 -5.500700e-03 -8.604936e-03 -6.019631e-03 -1.137492e-02
<VARIANCE> 39
 1.373303e+00 4.899133e-01 8.861262e-01 6.564649e-01 8.241521e-01 4.972559e-01 3.987051e-01 3.818455e-01 3.330907e-01 2.420940e-01 1.900605e-01 1.396218e-01 2.685917e-01 2.223831e-02 1.570481e-02 1.776374e-02 1.682239e-02 1.970361e-02 1.852182e-02 1.792288e-02 1.887882e-02 1.675475e-02 1.372338e-02 1.078160e-02 7.973745e-03 1.065300e-02 5.794809e-03 2.952516e-03 3.573652e-03 3.746773e-03 4.225415e-03 3.696132e-03 3.519581e-03 3.656200e-03 3.313954e-03 2.680870e-03 2.198463e-03 1.656512e-03 2.027293e-03
<GCONST> -6.864053e+01
<MIXTURE> 6 1.250000e-01
<MEAN> 39
 -5.058715e-01 2.944821e-01 1.925490e-01 -2.006367e-01 -1.613866e-01 6.723342e-03 8.661683e-02 -9.606170e-02 -4.524786e-02 4.610651e-02 8.355271e-02 8.593601e-02 4.191136e-01 -5.661513e-02 1.839825e-03 -1.632453e-02 -8.053235e-03 4.284835e-03 8.459705e-03 7.003961e-03 6.200922e-03 1.075261e-02 1.177075e-02 1.021802e-02 4.337327e-03 -1.130650e-02 4.214740e-02 -7.512966e-03 5.505203e-03 1.506832e-02 -2.156602e-03 -1.328604e-02 -1.028271e-02 2.694085e-03 -1.135400e-03 -5.500700e-03 -8.604936e-03 -6.019631e-03 -1.137492e-02
<VARIANCE> 39
 1.373303e+00 4.899133e-01 8.861262e-01 6.564649e-01 8.241521e-01 4.972559e-01 3.987051e-01 3.818455e-01 3.330907e-01 2.420940e-01 1.900605e-01 1.396218e-01 2.685917e-01 2.223831e-02 1.570481e-02 1.776374e-02 1.682239e-02 1.970361e-02 1.852182e-02 1.792288e-02 1.887882e-02 1.675475e-02 1.372338e-02 1.078160e-02 7.973745e-03 1.065300e-02 5.794809e-03 2.952516e-03 3.573652e-03 3.746773e-03 4.225415e-03 3.696132e-03 3.519581e-03 3.656200e-03 3.313954e-03 2.680870e-03 2.198463e-03 1.656512e-03 2.027293e-03
<GCONST> -6.864053e+01
<MIXTURE> 7 1.250000e-01
<MEAN> 39
 -5.058715e-01 2.944821e-01 1.925490e-01 -2.006367e-01 -1.613866e-01 6.723342e-03 8.661683e-02 -9.606170e-02 -4.524786e-02 4.610651e-02 8.355271e-02 8.593601e-02 4.191136e-01 -5.661513e-02 1.839825e-03 -1.632453e-02 -8.053235e-03 4.284835e-03 8.459705e-03 7.003961e-03 6.200922e-03 1.075261e-02 1.177075e-02 1.021802e-02 4.337327e-03 -1.130650e-02 4.214740e-02 -7.512966e-03 5.505203e-03 1.506832e-02 -2.156602e-03 -1.328604e-02 -1.028271e-02 2.694085e-03 -1.135400e-03 -5.500700e-03 -8.604936e-03 -6.019631e-03 -1.137492e-02
<VARIANCE> 39
 1.373303e+00 4.899133e-01 8.861262e-01 6.564649e-01 8.241521e-01 4.972559e-01 3.987051e-01 3.818455e-01 3.330907e-01 2.420940e-01 1.900605e-01 1.396218e-01 2.685917e-01 2.223831e-02 1.570481e-02 1.776374e-02 1.682239e-02 1.970361e-02 1.852182e-02 1.792288e-02 1.887882e-02 1.675475e-02 1.372338e-02 1.078160e-02 7.973745e-03 1.065300e-02 5.794809e-03 2.952516e-03 3.573652e-03 3.746773e-03 4.225415e-03 3.696132e-03 3.519581e-03 3.656200e-03 3.313954e-03 2.680870e-03 2.198463e-03 1.656512e-03 2.027293e-03
<GCONST> -6.864053e+01
<MIXTURE> 8 1.250000e-01
<MEAN> 39
 -5.058715e-01 2.944821e-01 1.925490e-01 -2.006367e-01 -1.613866e-01 6.723342e-03 8.661683e-02 -9.606170e-02 -4.524786e-02 4.610651e-02 8.355271e-02 8.593601e-02 4.191136e-01 -5.661513e-02 1.839825e-03 -1.632453e-02 -8.053235e-03 4.284835e-03 8.459705e-03 7.003961e-03 6.200922e-03 1.075261e-02 1.177075e-02 1.021802e-02 4.337327e-03 -1.130650e-02 4.214740e-02 -7.512966e-03 5.505203e-03 1.506832e-02 -2.156602e-03 -1.328604e-02 -1.028271e-02 2.694085e-03 -1.135400e-03 -5.500700e-03 -8.604936e-03 -6.019631e-03 -1.137492e-02
<VARIANCE> 39
 1.373303e+00 4.899133e-01 8.861262e-01 6.564649e-01 8.241521e-01 4.972559e-01 3.987051e-01 3.818455e-01 3.330907e-01 2.420940e-01 1.900605e-01 1.396218e-01 2.685917e-01 2.223831e-02 1.570481e-02 1.776374e-02 1.682239e-02 1.970361e-02 1.852182e-02 1.792288e-02 1.887882e-02 1.675475e-02 1.372338e-02 1.078160e-02 7.973745e-03 1.065300e-02 5.794809e-03 2.952516e-03 3.573652e-03 3.746773e-03 4.225415e-03 3.696132e-03 3.519581e-03 3.656200e-03 3.313954e-03 2.680870e-03 2.198463e-03 1.656512e-03 2.027293e-03
<GCONST> -6.864053e+01
<STATE> 14
<NUMMIXES> 8
<MIXTURE> 1 1.250000e-01
<MEAN> 39
 -6.471493e-01 2.168439e-01 -8.131176e-03 1.401310e-02 3.660805e-02 -1.197409e-01 8.787806e-02 2.602607e-02 2.030032e-02 4.113406e-02 7.777930e-02 8.303145e-02 2.378041e-01 6.112340e-02 -1.757549e-02 2.052253e-02 2.640907e-02 -1.241446e-02 -2.919540e-02 -1.782260e-02 1.164829e-02 5.448947e-03 -6.116324e-03 -1.262031e-02 -4.715245e-03 -4.594210e-02 5.185349e-02 3.367642e-03 1.150872e-02 8.812990e-03 -6.425697e-03 -1.010706e-02 -1.341287e-02 -4.809601e-03 -3.921166e-03 -8.010855e-03 -1.128105e-02 -5.389467e-03 -9.370158e-03
<VARIANCE> 39
 1.516803e+00 5.162726e-01 6.254535e-01 5.022231e-01 6.586905e-01 4.566433e-01 4.197058e-01 3.805234e-01 3.106374e-01 2.180352e-01 1.720529e-01 1.387224e-01 3.322835e-01 2.397783e-02 1.922869e-02 1.956991e-02 1.967463e-02 2.242975e-02 2.189296e-02 2.006634e-02 2.105512e-02 1.844706e-02 1.443691e-02 1.144806e-02 8.434444e-03 1.747174e-02 8.630218e-03 3.911004e-03 4.188459e-03 4.370264e-03 5.096980e-03 4.600499e-03 4.418097e-03 4.523447e-03 3.865623e-03 3.075037e-03 2.477941e-03 1.932720e-03 3.730364e-03
<GCONST> -6.461259e+01
<MIXTURE> 2 1.250000e-01
<MEAN> 39
 -6.471493e-01 2.168439e-01 -8.131176e-03 1.401310e-02 3.660805e-02 -1.197409e-01 8.787806e-02 2.602607e-02 2.030032e-02 4.113406e-02 7.777930e-02 8.303145e-02 2.378041e-01 6.112340e-02 -1.757549e-02 2.052253e-02 2.640907e-02 -1.241446e-02 -2.919540e-02 -1.782260e-02 1.164829e-02 5.448947e-03 -6.116324e-03 -1.262031e-02 -4.715245e-03 -4.594210e-02 5.185349e-02 3.367642e-03 1.150872e-02 8.812990e-03 -6.425697e-03 -1.010706e-02 -1.341287e-02 -4.809601e-03 -3.921166e-03 -8.010855e-03 -1.128105e-02 -5.389467e-03 -9.370158e-03
<VARIANCE> 39
 1.516803e+00 5.162726e-01 6.254535e-01 5.022231e-01 6.586905e-01 4.566433e-01 4.197058e-01 3.805234e-01 3.106374e-01 2.180352e-01 1.720529e-01 1.387224e-01 3.322835e-01 2.397783e-02 1.922869e-02 1.956991e-02 1.967463e-02 2.242975e-02 2.189296e-02 2.006634e-02 2.105512e-02 1.844706e-02 1.443691e-02 1.144806e-02 8.434444e-03 1.747174e-02 8.630218e-03 3.911004e-03 4.188459e-03 4.370264e-03 5.096980e-03 4.600499e-03 4.418097e-03 4.523447e-03 3.865623e-03 3.075037e-03 2.477941e-03 1.932720e-03 3.730364e-03
<GCONST> -6.461259e+01
<MIXTURE> 3 1.250000e-01
<MEAN> 39
 -6.471493e-01 2.168439e-01 -8.131176e-03 1.401310e-02 3.660805e-02 -1.197409e-01 8.787806e-02 2.602607e-02 2.030032e-02 4.113406e-02 7.777930e-02 8.303145e-02 2.378041e-01 6.112340e-02 -1.757549e-02 2.052253e-02 2.640907e-02 -1.241446e-02 -2.919540e-02 -1.782260e-02 1.164829e-02 5.448947e-03 -6.116324e-03 -1.262031e-02 -4.715245e-03 -4.594210e-02 5.185349e-02 3.367642e-03 1.150872e-02 8.812990e-03 -6.425697e-03 -1.010706e-02 -1.341287e-02 -4.809601e-03 -3.921166e-03 -8.010855e-03 -1.128105e-02 -5.389467e-03 -9.370158e-03
<VARIANCE> 39
 1.516803e+00 5.162726e-01 6.254535e-01 5.022231e-01 6.586905e-01 4.566433e-01 4.197058e-01 3.805234e-01 3.106374e-01 2.180352e-01 1.720529e-01 1.387224e-01 3.322835e-01 2.397783e-02 1.922869e-02 1.956991e-02 1.967463e-02 2.242975e-02 2.189296e-02 2.006634e-02 2.105512e-02 1.844706e-02 1.443691e-02 1.144806e-02 8.434444e-03 1.747174e-02 8.630218e-03 3.911004e-03 4.188459e-03 4.370264e-03 5.096980e-03 4.600499e-03 4.418097e-03 4.523447e-03 3.865623e-03 3.075037e-03 2.477941e-03 1.932720e-03 3.730364e-03
<GCONST> -6.461259e+01
<MIXTURE> 4 1.250000e-01
<MEAN> 39
 -6.471493e-01 2.168439e-01 -8.131176e-03 1.401310e-02 3.660805e-02 -1.197409e-01 8.787806e-02 2.602607e-02 2.030032e-02 4.113406e-02 7.777930e-02 8.303145e-02 2.378041e-01 6.112340e-02 -1.757549e-02 2.052253e-02 2.640907e-02 -1.241446e-02 -2.919540e-02 -1.782260e-02 1.164829e-02 5.448947e-03 -6.116324e-03 -1.262031e-02 -4.715245e-03 -4.594210e-02 5.185349e-02 3.367642e-03 1.150872e-02 8.812990e-03 -6.425697e-03 -1.010706e-02 -1.341287e-02 -4.809601e-03 -3.921166e-03 -8.010855e-03 -1.128105e-02 -5.389467e-03 -9.370158e-03
<VARIANCE> 39
 1.516803e+00 5.162726e-01 6.254535e-01 5.022231e-01 6.586905e-01 4.566433e-01 4.197058e-01 3.805234e-01 3.106374e-01 2.180352e-01 1.720529e-01 1.387224e-01 3.322835e-01 2.397783e-02 1.922869e-02 1.956991e-02 1.967463e-02 2.242975e-02 2.189296e-02 2.006634e-02 2.105512e-02 1.844706e-02 1.443691e-02 1.144806e-02 8.434444e-03 1.747174e-02 8.630218e-03 3.911004e-03 4.188459e-03 4.370264e-03 5.096980e-03 4.600499e-03 4.418097e-03 4.523447e-03 3.865623e-03 3.075037e-03 2.477941e-03 1.932720e-03 3.730364e-03
<GCONST> -6.461259e+01
<MIXTURE> 5 1.250000e-01
<MEAN> 39
 -6.471493e-01 2.168439e-01 -8.131176e-03 1.401310e-02 3.660805e-02 -1.197409e-01 8.787806e-02 2.602607e-02 2.030032e-02 4.113406e-02 7.777930e-02 8.303145e-02 2.378041e-01 6.112340e-02 -1.757549e-02 2.052253e-02 2.640907e-02 -1.241446e-02 -2.919540e-02 -1.782260e-02 1.164829e-02 5.448947e-03 -6.116324e-03 -1.262031e-02 -4.715245e-03 -4.594210e-02 5.185349e-02 3.367642e-03 1.150872e-02 8.812990e-03 -6.425697e-03 -1.010706e-02 -1.341287e-02 -4.809601e-03 -3.921166e-03 -8.010855e-03 -1.128105e-02 -5.389467e-03 -9.370158e-03
<VARIANCE> 39
 1.516803e+00 5.162726e-01 6.254535e-01 5.022231e-01 6.586905e-01 4.566433e-01 4.197058e-01 3.805234e-01 3.106374e-01 2.180352e-01 1.720529e-01 1.387224e-01 3.322835e-01 2.397783e-02 1.922869e-02 1.956991e-02 1.967463e-02 2.242975e-02 2.189296e-02 2.006634e-02 2.105512e-02 1.844706e-02 1.443691e-02 1.144806e-02 8.434444e-03 1.747174e-02 8.630218e-03 3.911004e-03 4.188459e-03 4.370264e-03 5.096980e-03 4.600499e-03 4.418097e-03 4.523447e-03 3.865623e-03 3.075037e-03 2.477941e-03 1.932720e-03 3.730364e-03
<GCONST> -6.461259e+01
<MIXTURE> 6 1.250000e-01
<MEAN> 39
 -6.471493e-01 2.168439e-01 -8.131176e-03 1.401310e-02 3.660805e-02 -1.197409e-01 8.787806e-02 2.602607e-02 2.030032e-02 4.113406e-02 7.777930e-02 8.303145e-02 2.378041e-01 6.112340e-02 -1.757549e-02 2.052253e-02 2.640907e-02 -1.241446e-02 -2.919540e-02 -1.782260e-02 1.164829e-02 5.448947e-03 -6.116324e-03 -1.262031e-02 -4.715245e-03 -4.594210e-02 5.185349e-02 3.367642e-03 1.150872e-02 8.812990e-03 -6.425697e-03 -1.010706e-02 -1.341287e-02 -4.809601e-03 -3.921166e-03 -8.010855e-03 -1.128105e-02 -5.389467e-03 -9.370158e-03
<VARIANCE> 39
 1.516803e+00 5.162726e-01 6.254535e-01 5.022231e-01 6.586905e-01 4.566433e-01 4.197058e-01 3.805234e-01 3.106374e-01 2.180352e-01 1.720529e-01 1.387224e-01 3.322835e-01 2.397783e-02 1.922869e-02 1.956991e-02 1.967463e-02 2.242975e-02 2.189296e-02 2.006634e-02 2.105512e-02 1.844706e-02 1.443691e-02 1.144806e-02 8.434444e-03 1.747174e-02 8.630218e-03 3.911004e-03 4.188459e-03 4.370264e-03 5.096980e-03 4.600499e-03 4.418097e-03 4.523447e-03 3.865623e-03 3.075037e-03 2.477941e-03 1.932720e-03 3.730364e-03
<GCONST> -6.461259e+01
<MIXTURE> 7 1.250000e-01
<MEAN> 39
 -6.471493e-01 2.168439e-01 -8.131176e-03 1.401310e-02 3.660805e-02 -1.197409e-01 8.787806e-02 2.602607e-02 2.030032e-02 4.113406e-02 7.777930e-02 8.303145e-02 2.378041e-01 6.112340e-02 -1.757549e-02 2.052253e-02 2.640907e-02 -1.241446e-02 -2.919540e-02 -1.782260e-02 1.164829e-02 5.448947e-03 -6.116324e-03 -1.262031e-02 -4.715245e-03 -4.594210e-02 5.185349e-02 3.367642e-03 1.150872e-02 8.812990e-03 -6.425697e-03 -1.010706e-02 -1.341287e-02 -4.809601e-03 -3.921166e-03 -8.010855e-03 -1.128105e-02 -5.389467e-03 -9.370158e-03
<VARIANCE> 39
 1.516803e+00 5.162726e-01 6.254535e-01 5.022231e-01 6.586905e-01 4.566433e-01 4.197058e-01 3.805234e-01 3.106374e-01 2.180352e-01 1.720529e-01 1.387224e-01 3.322835e-01 2.397783e-02 1.922869e-02 1.956991e-02 1.967463e-02 2.242975e-02 2.189296e-02 2.006634e-02 2.105512e-02 1.844706e-02 1.443691e-02 1.144806e-02 8.434444e-03 1.747174e-02 8.630218e-03 3.911004e-03 4.188459e-03 4.370264e-03 5.096980e-03 4.600499e-03 4.418097e-03 4.523447e-03 3.865623e-03 3.075037e-03 2.477941e-03 1.932720e-03 3.730364e-03
<GCONST> -6.461259e+01
<MIXTURE> 8 1.250000e-01
<MEAN> 39
 -6.471493e-01 2.168439e-01 -8.131176e-03 1.401310e-02 3.660805e-02 -1.197409e-01 8.787806e-02 2.602607e-02 2.030032e-02 4.113406e-02 7.777930e-02 8.303145e-02 2.378041e-01 6.112340e-02 -1.757549e-02 2.052253e-02 2.640907e-02 -1.241446e-02 -2.919540e-02 -1.782260e-02 1.164829e-02 5.448947e-03 -6.116324e-03 -1.262031e-02 -4.715245e-03 -4.594210e-02 5.185349e-02 3.367642e-03 1.150872e-02 8.812990e-03 -6.425697e-03 -1.010706e-02 -1.341287e-02 -4.809601e-03 -3.921166e-03 -8.010855e-03 -1.128105e-02 -5.389467e-03 -9.370158e-03
<VARIANCE> 39
 1.516803e+00 5.162726e-01 6.254535e-01 5.022231e-01 6.586905e-01 4.566433e-01 4.197058e-01 3.805234e-01 3.106374e-01 2.180352e-01 1.720529e-01 1.387224e-01 3.322835e-01 2.397783e-02 1.922869e-02 1.956991e-02 1.967463e-02 2.242975e-02 2.189296e-02 2.006634e-02 2.105512e-02 1.844706e-02 1.443691e-02 1.144806e-02 8.434444e-03 1.747174e-02 8.630218e-03 3.911004e-03 4.188459e-03 4.370264e-03 5.096980e-03 4.600499e-03 4.418097e-03 4.523447e-03 3.865623e-03 3.075037e-03 2.477941e-03 1.932720e-03 3.730364e-03
<GCONST> -6.461259e+01
<STATE> 15
<NUMMIXES> 8
<MIXTURE> 1 1.250000e-01
<MEAN> 39
 -3.879740e-01 9.065221e-02 1.351563e-01 -8.282089e-04 -4.622437e-02 -1.564823e-01 2.922818e-02 2.780954e-02 2.850676e-02 8.187164e-03 3.211032e-02 9.244574e-02 1.943521e-01 1.756273e-01 5.196221e-05 3.934950e-02 3.683617e-02 -4.834563e-02 -6.099282e-02 -5.016086e-02 2.144023e-03 -1.433247e-03 -1.903007e-02 -3.139966e-02 -1.637690e-02 -2.056054e-02 2.252005e-02 1.023033e-02 -5.583281e-03 -4.396209e-04 -1.683159e-03 5.427301e-04 -7.006592e-03 -4.586441e-03 -3.127849e-03 -3.606707e-04 -2.898083e-03 -7.121135e-03 2.582322e-03
<VARIANCE> 39
 1.057342e+00 4.656676e-01 5.682806e-01 4.636239e-01 6.471428e-01 4.647835e-01 4.157164e-01 3.805838e-01 3.161323e-01 2.462833e-01 1.830766e-01 1.477916e-01 4.140268e-01 6.858927e-02 3.523972e-02 3.326925e-02 3.386625e-02 4.229385e-02 3.499988e-02 3.059169e-02 3.046499e-02 2.536937e-02 2.014661e-02 1.603021e-02 1.230896e-02 3.903433e-02 9.698318e-03 6.084035e-03 5.388218e-03 5.722225e-03 7.481305e-03 6.108162e-03 5.938183e-03 6.099991e-03 5.006501e-03 4.101214e-03 3.109670e-03 2.535432e-03 6.567872e-03
<GCONST> -5.402896e+01
<MIXTURE> 2 1.250000e-01
<MEAN> 39
 -3.879740e-01 9.065221e-02 1.351563e-01 -8.282089e-04 -4.622437e-02 -1.564823e-01 2.922818e-02 2.780954e-02 2.850676e-02 8.187164e-03 3.211032e-02 9.244574e-02 1.943521e-01 1.756273e-01 5.196221e-05 3.934950e-02 3.683617e-02 -4.834563e-02 -6.099282e-02 -5.016086e-02 2.144023e-03 -1.433247e-03 -1.903007e-02 -3.139966e-02 -1.637690e-02 -2.056054e-02 2.252005e-02 1.023033e-02 -5.583281e-03 -4.396209e-04 -1.683159e-03 5.427301e-04 -7.006592e-03 -4.586441e-03 -3.127849e-03 -3.606707e-04 -2.898083e-03 -7.121135e-03 2.582322e-03
<VARIANCE> 39
 1.057342e+00 4.656676e-01 5.682806e-01 4.636239e-01 6.471428e-01 4.647835e-01 4.157164e-01 3.805838e-01 3.161323e-01 2.462833e-01 1.830766e-01 1.477916e-01 4.140268e-01 6.858927e-02 3.523972e-02 3.326925e-02 3.386625e-02 4.229385e-02 3.499988e-02 3.059169e-02 3.046499e-02 2.536937e-02 2.014661e-02 1.603021e-02 1.230896e-02 3.903433e-02 9.698318e-03 6.084035e-03 5.388218e-03 5.722225e-03 7.481305e-03 6.108162e-03 5.938183e-03 6.099991e-03 5.006501e-03 4.101214e-03 3.109670e-03 2.535432e-03 6.567872e-03
<GCONST> -5.402896e+01
<MIXTURE> 3 1.250000e-01
<MEAN> 39
 -3.879740e-01 9.065221e-02 1.351563e-01 -8.282089e-04 -4.622437e-02 -1.564823e-01 2.922818e-02 2.780954e-02 2.850676e-02 8.187164e-03 3.211032e-02 9.244574e-02 1.943521e-01 1.756273e-01 5.196221e-05 3.934950e-02 3.683617e-02 -4.834563e-02 -6.099282e-02 -5.016086e-02 2.144023e-03 -1.433247e-03 -1.903007e-02 -3.139966e-02 -1.637690e-02 -2.056054e-02 2.252005e-02 1.023033e-02 -5.583281e-03 -4.396209e-04 -1.683159e-03 5.427301e-04 -7.006592e-03 -4.586441e-03 -3.127849e-03 -3.606707e-04 -2.898083e-03 -7.121135e-03 2.582322e-03
<VARIANCE> 39
 1.057342e+00 4.656676e-01 5.682806e-01 4.636239e-01 6.471428e-01 4.647835e-01 4.157164e-01 3.805838e-01 3.161323e-01 2.462833e-01 1.830766e-01 1.477916e-01 4.140268e-01 6.858927e-02 3.523972e-02 3.326925e-02 3.386625e-02 4.229385e-02 3.499988e-02 3.059169e-02 3.046499e-02 2.536937e-02 2.014661e-02 1.603021e-02 1.230896e-02 3.903433e-02 9.698318e-03 6.084035e-03 5.388218e-03 5.722225e-03 7.481305e-03 6.108162e-03 5.938183e-03 6.099991e-03 5.006501e-03 4.101214e-03 3.109670e-03 2.535432e-03 6.567872e-03
<GCONST> -5.402896e+01
<MIXTURE> 4 1.250000e-01
<MEAN> 39
 -3.879740e-01 9.065221e-02 1.351563e-01 -8.282089e-04 -4.622437e-02 -1.564823e-01 2.922818e-02 2.780954e-02 2.850676e-02 8.187164e-03 3.211032e-02 9.244574e-02 1.943521e-01 1.756273e-01 5.196221e-05 3.934950e-02 3.683617e-02 -4.834563e-02 -6.099282e-02 -5.016086e-02 2.144023e-03 -1.433247e-03 -1.903007e-02 -3.139966e-02 -1.637690e-02 -2.056054e-02 2.252005e-02 1.023033e-02 -5.583281e-03 -4.396209e-04 -1.683159e-03 5.427301e-04 -7.006592e-03 -4.586441e-03 -3.127849e-03 -3.606707e-04 -2.898083e-03 -7.121135e-03 2.582322e-03
<VARIANCE> 39
 1.057342e+00 4.656676e-01 5.682806e-01 4.636239e-01 6.471428e-01 4.647835e-01 4.157164e-01 3.805838e-01 3.161323e-01 2.462833e-01 1.830766e-01 1.477916e-01 4.140268e-01 6.858927e-02 3.523972e-02 3.326925e-02 3.386625e-02 4.229385e-02 3.499988e-02 3.059169e-02 3.046499e-02 2.536937e-02 2.014661e-02 1.603021e-02 1.230896e-02 3.903433e-02 9.698318e-03 6.084035e-03 5.388218e-03 5.722225e-03 7.481305e-03 6.108162e-03 5.938183e-03 6.099991e-03 5.006501e-03 4.101214e-03 3.109670e-03 2.535432e-03 6.567872e-03
<GCONST> -5.402896e+01
<MIXTURE> 5 1.250000e-01
<MEAN> 39
 -3.879740e-01 9.065221e-02 1.351563e-01 -8.282089e-04 -4.622437e-02 -1.564823e-01 2.922818e-02 2.780954e-02 2.850676e-02 8.187164e-03 3.211032e-02 9.244574e-02 1.943521e-01 1.756273e-01 5.196221e-05 3.934950e-02 3.683617e-02 -4.834563e-02 -6.099282e-02 -5.016086e-02 2.144023e-03 -1.433247e-03 -1.903007e-02 -3.139966e-02 -1.637690e-02 -2.056054e-02 2.252005e-02 1.023033e-02 -5.583281e-03 -4.396209e-04 -1.683159e-03 5.427301e-04 -7.006592e-03 -4.586441e-03 -3.127849e-03 -3.606707e-04 -2.898083e-03 -7.121135e-03 2.582322e-03
<VARIANCE> 39
 1.057342e+00 4.656676e-01 5.682806e-01 4.636239e-01 6.471428e-01 4.647835e-01 4.157164e-01 3.805838e-01 3.161323e-01 2.462833e-01 1.830766e-01 1.477916e-01 4.140268e-01 6.858927e-02 3.523972e-02 3.326925e-02 3.386625e-02 4.229385e-02 3.499988e-02 3.059169e-02 3.046499e-02 2.536937e-02 2.014661e-02 1.603021e-02 1.230896e-02 3.903433e-02 9.698318e-03 6.084035e-03 5.388218e-03 5.722225e-03 7.481305e-03 6.108162e-03 5.938183e-03 6.099991e-03 5.006501e-03 4.101214e-03 3.109670e-03 2.535432e-03 6.567872e-03
<GCONST> -5.402896e+01
<MIXTURE> 6 1.250000e-01
<MEAN> 39
 -3.879740e-01 9.065221e-02 1.351563e-01 -8.282089e-04 -4.622437e-02 -1.564823e-01 2.922818e-02 2.780954e-02 2.850676e-02 8.187164e-03 3.211032e-02 9.244574e-02 1.943521e-01 1.756273e-01 5.196221e-05 3.934950e-02 3.683617e-02 -4.834563e-02 -6.099282e-02 -5.016086e-02 2.144023e-03 -1.433247e-03 -1.903007e-02 -3.139966e-02 -1.637690e-02 -2.056054e-02 2.252005e-02 1.023033e-02 -5.583281e-03 -4.396209e-04 -1.683159e-03 5.427301e-04 -7.006592e-03 -4.586441e-03 -3.127849e-03 -3.606707e-04 -2.898083e-03 -7.121135e-03 2.582322e-03
<VARIANCE> 39
 1.057342e+00 4.656676e-01 5.682806e-01 4.636239e-01 6.471428e-01 4.647835e-01 4.157164e-01 3.805838e-01 3.161323e-01 2.462833e-01 1.830766e-01 1.477916e-01 4.140268e-01 6.858927e-02 3.523972e-02 3.326925e-02 3.386625e-02 4.229385e-02 3.499988e-02 3.059169e-02 3.046499e-02 2.536937e-02 2.014661e-02 1.603021e-02 1.230896e-02 3.903433e-02 9.698318e-03 6.084035e-03 5.388218e-03 5.722225e-03 7.481305e-03 6.108162e-03 5.938183e-03 6.099991e-03 5.006501e-03 4.101214e-03 3.109670e-03 2.535432e-03 6.567872e-03
<GCONST> -5.402896e+01
<MIXTURE> 7 1.250000e-01
<MEAN> 39
 -3.879740e-01 9.065221e-02 1.351563e-01 -8.282089e-04 -4.622437e-02 -1.564823e-01 2.922818e-02 2.780954e-02 2.850676e-02 8.187164e-03 3.211032e-02 9.244574e-02 1.943521e-01 1.756273e-01 5.196221e-05 3.934950e-02 3.683617e-02 -4.834563e-02 -6.099282e-02 -5.016086e-02 2.144023e-03 -1.433247e-03 -1.903007e-02 -3.139966e-02 -1.637690e-02 -2.056054e-02 2.252005e-02 1.023033e-02 -5.583281e-03 -4.396209e-04 -1.683159e-03 5.427301e-04 -7.006592e-03 -4.586441e-03 -3.127849e-03 -3.606707e-04 -2.898083e-03 -7.121135e-03 2.582322e-03
<VARIANCE> 39
 1.057342e+00 4.656676e-01 5.682806e-01 4.636239e-01 6.471428e-01 4.647835e-01 4.157164e-01 3.805838e-01 3.161323e-01 2.462833e-01 1.830766e-01 1.477916e-01 4.140268e-01 6.858927e-02 3.523972e-02 3.326925e-02 3.386625e-02 4.229385e-02 3.499988e-02 3.059169e-02 3.046499e-02 2.536937e-02 2.014661e-02 1.603021e-02 1.230896e-02 3.903433e-02 9.698318e-03 6.084035e-03 5.388218e-03 5.722225e-03 7.481305e-03 6.108162e-03 5.938183e-03 6.099991e-03 5.006501e-03 4.101214e-03 3.109670e-03 2.535432e-03 6.567872e-03
<GCONST> -5.402896e+01
<MIXTURE> 8 1.250000e-01
<MEAN> 39
 -3.879740e-01 9.065221e-02 1.351563e-01 -8.282089e-04 -4.622437e-02 -1.564823e-01 2.922818e-02 2.780954e-02 2.850676e-02 8.187164e-03 3.211032e-02 9.244574e-02 1.943521e-01 1.756273e-01 5.196221e-05 3.934950e-02 3.683617e-02 -4.834563e-02 -6.099282e-02 -5.016086e-02 2.144023e-03 -1.433247e-03 -1.903007e-02 -3.139966e-02 -1.637690e-02 -2.056054e-02 2.252005e-02 1.023033e-02 -5.583281e-03 -4.396209e-04 -1.683159e-03 5.427301e-04 -7.006592e-03 -4.586441e-03 -3.127849e-03 -3.606707e-04 -2.898083e-03 -7.121135e-03 2.582322e-03
<VARIANCE> 39
 1.057342e+00 4.656676e-01 5.682806e-01 4.636239e-01 6.471428e-01 4.647835e-01 4.157164e-01 3.805838e-01 3.161323e-01 2.462833e-01 1.830766e-01 1.477916e-01 4.140268e-01 6.858927e-02 3.523972e-02 3.326925e-02 3.386625e-02 4.229385e-02 3.499988e-02 3.059169e-02 3.046499e-02 2.536937e-02 2.014661e-02 1.603021e-02 1.230896e-02 3.903433e-02 9.698318e-03 6.084035e-03 5.388218e-03 5.722225e-03 7.481305e-03 6.108162e-03 5.938183e-03 6.099991e-03 5.006501e-03 4.101214e-03 3.109670e-03 2.535432e-03 6.567872e-03
<GCONST> -5.402896e+01
<STATE> 16
<NUMMIXES> 8
<MIXTURE> 1 1.250000e-01
<MEAN> 39
 3.420287e-01 1.583500e-01 2.323829e-01 8.419655e-02 -2.918862e-01 -3.520590e-01 -1.821488e-01 -3.709703e-02 -4.898549e-02 2.645217e-02 -4.662782e-02 -4.170652e-02 2.022831e-01 5.814462e-02 2.644859e-03 5.602853e-03 3.115043e-03 -4.527222e-03 -1.681319e-03 -1.140191e-02 2.405038e-04 -3.767528e-03 -3.234812e-03 -8.659564e-03 -1.398898e-02 -1.847661e-02 -3.651956e-02 -2.686792e-03 -7.653261e-03 -9.711824e-03 1.324745e-02 2.067171e-02 1.589120e-02 -1.878864e-03 -2.120567e-03 2.692428e-03 7.084026e-03 4.603948e-03 1.380732e-05
<VARIANCE> 39
 4.268252e-01 4.057670e-01 5.962417e-01 5.180001e-01 6.223793e-01 5.299951e-01 4.384859e-01 5.154992e-01 4.523507e-01 3.191050e-01 2.699215e-01 2.051213e-01 4.510642e-01 5.879478e-02 3.942735e-02 4.339175e-02 4.993324e-02 5.941639e-02 4.709944e-02 4.092439e-02 5.001876e-02 4.049187e-02 3.044106e-02 2.457078e-02 2.032310e-02 4.140510e-02 6.324137e-03 6.113764e-03 6.284890e-03 6.969501e-03 8.935426e-03 7.606502e-03 6.826192e-03 8.507978e-03 7.308709e-03 5.491087e-03 4.458784e-03 3.570982e-03 5.868550e-03
<GCONST> -4.708531e+01
<MIXTURE> 2 1.250000e-01
<MEAN> 39
 3.420287e-01 1.583500e-01 2.323829e-01 8.419655e-02 -2.918862e-01 -3.520590e-01 -1.821488e-01 -3.709703e-02 -4.898549e-02 2.645217e-02 -4.662782e-02 -4.170652e-02 2.022831e-01 5.814462e-02 2.644859e-03 5.602853e-03 3.115043e-03 -4.527222e-03 -1.681319e-03 -1.140191e-02 2.405038e-04 -3.767528e-03 -3.234812e-03 -8.659564e-03 -1.398898e-02 -1.847661e-02 -3.651956e-02 -2.686792e-03 -7.653261e-03 -9.711824e-03 1.324745e-02 2.067171e-02 1.589120e-02 -1.878864e-03 -2.120567e-03 2.692428e-03 7.084026e-03 4.603948e-03 1.380732e-05
<VARIANCE> 39
 4.268252e-01 4.057670e-01 5.962417e-01 5.180001e-01 6.223793e-01 5.299951e-01 4.384859e-01 5.154992e-01 4.523507e-01 3.191050e-01 2.699215e-01 2.051213e-01 4.510642e-01 5.879478e-02 3.942735e-02 4.339175e-02 4.993324e-02 5.941639e-02 4.709944e-02 4.092439e-02 5.001876e-02 4.049187e-02 3.044106e-02 2.457078e-02 2.032310e-02 4.140510e-02 6.324137e-03 6.113764e-03 6.284890e-03 6.969501e-03 8.935426e-03 7.606502e-03 6.826192e-03 8.507978e-03 7.308709e-03 5.491087e-03 4.458784e-03 3.570982e-03 5.868550e-03
<GCONST> -4.708531e+01
<MIXTURE> 3 1.250000e-01
<MEAN> 39
 3.420287e-01 1.583500e-01 2.323829e-01 8.419655e-02 -2.918862e-01 -3.520590e-01 -1.821488e-01 -3.709703e-02 -4.898549e-02 2.645217e-02 -4.662782e-02 -4.170652e-02 2.022831e-01 5.814462e-02 2.644859e-03 5.602853e-03 3.115043e-03 -4.527222e-03 -1.681319e-03 -1.140191e-02 2.405038e-04 -3.767528e-03 -3.234812e-03 -8.659564e-03 -1.398898e-02 -1.847661e-02 -3.651956e-02 -2.686792e-03 -7.653261e-03 -9.711824e-03 1.324745e-02 2.067171e-02 1.589120e-02 -1.878864e-03 -2.120567e-03 2.692428e-03 7.084026e-03 4.603948e-03 1.380732e-05
<VARIANCE> 39
 4.268252e-01 4.057670e-01 5.962417e-01 5.180001e-01 6.223793e-01 5.299951e-01 4.384859e-01 5.154992e-01 4.523507e-01 3.191050e-01 2.699215e-01 2.051213e-01 4.510642e-01 5.879478e-02 3.942735e-02 4.339175e-02 4.993324e-02 5.941639e-02 4.709944e-02 4.092439e-02 5.001876e-02 4.049187e-02 3.044106e-02 2.457078e-02 2.032310e-02 4.140510e-02 6.324137e-03 6.113764e-03 6.284890e-03 6.969501e-03 8.935426e-03 7.606502e-03 6.826192e-03 8.507978e-03 7.308709e-03 5.491087e-03 4.458784e-03 3.570982e-03 5.868550e-03
<GCONST> -4.708531e+01
<MIXTURE> 4 1.250000e-01
<MEAN> 39
 3.420287e-01 1.583500e-01 2.323829e-01 8.419655e-02 -2.918862e-01 -3.520590e-01 -1.821488e-01 -3.709703e-02 -4.898549e-02 2.645217e-02 -4.662782e-02 -4.170652e-02 2.022831e-01 5.814462e-02 2.644859e-03 5.602853e-03 3.115043e-03 -4.527222e-03 -1.681319e-03 -1.140191e-02 2.405038e-04 -3.767528e-03 -3.234812e-03 -8.659564e-03 -1.398898e-02 -1.847661e-02 -3.651956e-02 -2.686792e-03 -7.653261e-03 -9.711824e-03 1.324745e-02 2.067171e-02 1.589120e-02 -1.878864e-03 -2.120567e-03 2.692428e-03 7.084026e-03 4.603948e-03 1.380732e-05
<VARIANCE> 39
 4.268252e-01 4.057670e-01 5.962417e-01 5.180001e-01 6.223793e-01 5.299951e-01 4.384859e-01 5.154992e-01 4.523507e-01 3.191050e-01 2.699215e-01 2.051213e-01 4.510642e-01 5.879478e-02 3.942735e-02 4.339175e-02 4.993324e-02 5.941639e-02 4.709944e-02 4.092439e-02 5.001876e-02 4.049187e-02 3.044106e-02 2.457078e-02 2.032310e-02 4.140510e-02 6.324137e-03 6.113764e-03 6.284890e-03 6.969501e-03 8.935426e-03 7.606502e-03 6.826192e-03 8.507978e-03 7.308709e-03 5.491087e-03 4.458784e-03 3.570982e-03 5.868550e-03
<GCONST> -4.708531e+01
<MIXTURE> 5 1.250000e-01
<MEAN> 39
 3.420287e-01 1.583500e-01 2.323829e-01 8.419655e-02 -2.918862e-01 -3.520590e-01 -1.821488e-01 -3.709703e-02 -4.898549e-02 2.645217e-02 -4.662782e-02 -4.170652e-02 2.022831e-01 5.814462e-02 2.644859e-03 5.602853e-03 3.115043e-03 -4.527222e-03 -1.681319e-03 -1.140191e-02 2.405038e-04 -3.767528e-03 -3.234812e-03 -8.659564e-03 -1.398898e-02 -1.847661e-02 -3.651956e-02 -2.686792e-03 -7.653261e-03 -9.711824e-03 1.324745e-02 2.067171e-02 1.589120e-02 -1.878864e-03 -2.120567e-03 2.692428e-03 7.084026e-03 4.603948e-03 1.380732e-05
<VARIANCE> 39
 4.268252e-01 4.057670e-01 5.962417e-01 5.180001e-01 6.223793e-01 5.299951e-01 4.384859e-01 5.154992e-01 4.523507e-01 3.191050e-01 2.699215e-01 2.051213e-01 4.510642e-01 5.879478e-02 3.942735e-02 4.339175e-02 4.993324e-02 5.941639e-02 4.709944e-02 4.092439e-02 5.001876e-02 4.049187e-02 3.044106e-02 2.457078e-02 2.032310e-02 4.140510e-02 6.324137e-03 6.113764e-03 6.284890e-03 6.969501e-03 8.935426e-03 7.606502e-03 6.826192e-03 8.507978e-03 7.308709e-03 5.491087e-03 4.458784e-03 3.570982e-03 5.868550e-03
<GCONST> -4.708531e+01
<MIXTURE> 6 1.250000e-01
<MEAN> 39
 3.420287e-01 1.583500e-01 2.323829e-01 8.419655e-02 -2.918862e-01 -3.520590e-01 -1.821488e-01 -3.709703e-02 -4.898549e-02 2.645217e-02 -4.662782e-02 -4.170652e-02 2.022831e-01 5.814462e-02 2.644859e-03 5.602853e-03 3.115043e-03 -4.527222e-03 -1.681319e-03 -1.140191e-02 2.405038e-04 -3.767528e-03 -3.234812e-03 -8.659564e-03 -1.398898e-02 -1.847661e-02 -3.651956e-02 -2.686792e-03 -7.653261e-03 -9.711824e-03 1.324745e-02 2.067171e-02 1.589120e-02 -1.878864e-03 -2.120567e-03 2.692428e-03 7.084026e-03 4.603948e-03 1.380732e-05
<VARIANCE> 39
 4.268252e-01 4.057670e-01 5.962417e-01 5.180001e-01 6.223793e-01 5.299951e-01 4.384859e-01 5.154992e-01 4.523507e-01 3.191050e-01 2.699215e-01 2.051213e-01 4.510642e-01 5.879478e-02 3.942735e-02 4.339175e-02 4.993324e-02 5.941639e-02 4.709944e-02 4.092439e-02 5.001876e-02 4.049187e-02 3.044106e-02 2.457078e-02 2.032310e-02 4.140510e-02 6.324137e-03 6.113764e-03 6.284890e-03 6.969501e-03 8.935426e-03 7.606502e-03 6.826192e-03 8.507978e-03 7.308709e-03 5.491087e-03 4.458784e-03 3.570982e-03 5.868550e-03
<GCONST> -4.708531e+01
<MIXTURE> 7 1.250000e-01
<MEAN> 39
 3.420287e-01 1.583500e-01 2.323829e-01 8.419655e-02 -2.918862e-01 -3.520590e-01 -1.821488e-01 -3.709703e-02 -4.898549e-02 2.645217e-02 -4.662782e-02 -4.170652e-02 2.022831e-01 5.814462e-02 2.644859e-03 5.602853e-03 3.115043e-03 -4.527222e-03 -1.681319e-03 -1.140191e-02 2.405038e-04 -3.767528e-03 -3.234812e-03 -8.659564e-03 -1.398898e-02 -1.847661e-02 -3.651956e-02 -2.686792e-03 -7.653261e-03 -9.711824e-03 1.324745e-02 2.067171e-02 1.589120e-02 -1.878864e-03 -2.120567e-03 2.692428e-03 7.084026e-03 4.603948e-03 1.380732e-05
<VARIANCE> 39
 4.268252e-01 4.057670e-01 5.962417e-01 5.180001e-01 6.223793e-01 5.299951e-01 4.384859e-01 5.154992e-01 4.523507e-01 3.191050e-01 2.699215e-01 2.051213e-01 4.510642e-01 5.879478e-02 3.942735e-02 4.339175e-02 4.993324e-02 5.941639e-02 4.709944e-02 4.092439e-02 5.001876e-02 4.049187e-02 3.044106e-02 2.457078e-02 2.032310e-02 4.140510e-02 6.324137e-03 6.113764e-03 6.284890e-03 6.969501e-03 8.935426e-03 7.606502e-03 6.826192e-03 8.507978e-03 7.308709e-03 5.491087e-03 4.458784e-03 3.570982e-03 5.868550e-03
<GCONST> -4.708531e+01
<MIXTURE> 8 1.250000e-01
<MEAN> 39
 3.420287e-01 1.583500e-01 2.323829e-01 8.419655e-02 -2.918862e-01 -3.520590e-01 -1.821488e-01 -3.709703e-02 -4.898549e-02 2.645217e-02 -4.662782e-02 -4.170652e-02 2.022831e-01 5.814462e-02 2.644859e-03 5.602853e-03 3.115043e-03 -4.527222e-03 -1.681319e-03 -1.140191e-02 2.405038e-04 -3.767528e-03 -3.234812e-03 -8.659564e-03 -1.398898e-02 -1.847661e-02 -3.651956e-02 -2.686792e-03 -7.653261e-03 -9.711824e-03 1.324745e-02 2.067171e-02 1.589120e-02 -1.878864e-03 -2.120567e-03 2.692428e-03 7.084026e-03 4.603948e-03 1.380732e-05
<VARIANCE> 39
 4.268252e-01 4.057670e-01 5.962417e-01 5.180001e-01 6.223793e-01 5.299951e-01 4.384859e-01 5.154992e-01 4.523507e-01 3.191050e-01 2.699215e-01 2.051213e-01 4.510642e-01 5.879478e-02 3.942735e-02 4.339175e-02 4.993324e-02 5.941639e-02 4.709944e-02 4.092439e-02 5.001876e-02 4.049187e-02 3.044106e-02 2.457078e-02 2.032310e-02 4.140510e-02 6.324137e-03 6.113764e-03 6.284890e-03 6.969501e-03 8.935426e-03 7.606502e-03 6.826192e-03 8.507978e-03 7.308709e-03 5.491087e-03 4.458784e-03 3.570982e-03 5.868550e-03
<GCONST> -4.708531e+01
<TRANSP> 17
 0.000000e+00 1.000000e+00 0.000000e+00 0.000000e+00 0.000000e+00 0.000000e+00 0.000000e+00 0.000000e+00 0.000000e+00 0.000000e+00 0.000000e+00 0.000000e+00 0.000000e+00 0.000000e+00 0.000000e+00 0.000000e+00 0.000000e+00
 0.000000e+00 7.067504e-01 2.932496e-01 0.000000e+00 0.000000e+00 0.000000e+00 0.000000e+00 0.000000e+00 0.000000e+00 0.000000e+00 0.000000e+00 0.000000e+00 0.000000e+00 0.000000e+00 0.000000e+00 0.000000e+00 0.000000e+00
 0.000000e+00 0.000000e+00 3.249658e-01 6.750342e-01 0.000000e+00 0.000000e+00 0.000000e+00 0.000000e+00 0.000000e+00 0.000000e+00 0.000000e+00 0.000000e+00 0.000000e+00 0.000000e+00 0.000000e+00 0.000000e+00 0.000000e+00
 0.000000e+00 0.000000e+00 0.000000e+00 6.916755e-01 3.083245e-01 0.000000e+00 0.000000e+00 0.000000e+00 0.000000e+00 0.000000e+00 0.000000e+00 0.000000e+00 0.000000e+00 0.000000e+00 0.000000e+00 0.000000e+00 0.000000e+00
 0.000000e+00 0.000000e+00 0.000000e+00 0.000000e+00 4.357351e-01 5.642648e-01 0.000000e+00 0.000000e+00 0.000000e+00 0.000000e+00 0.000000e+00 0.000000e+00 0.000000e+00 0.000000e+00 0.000000e+00 0.000000e+00 0.000000e+00
 0.000000e+00 0.000000e+00 0.000000e+00 0.000000e+00 0.000000e+00 4.807995e-01 5.192005e-01 0.000000e+00 0.000000e+00 0.000000e+00 0.000000e+00 0.000000e+00 0.000000e+00 0.000000e+00 0.000000e+00 0.000000e+00 0.000000e+00
 0.000000e+00 0.000000e+00 0.000000e+00 0.000000e+00 0.000000e+00 0.000000e+00 7.720928e-01 2.279072e-01 0.000000e+00 0.000000e+00 0.000000e+00 0.000000e+00 0.000000e+00 0.000000e+00 0.000000e+00 0.000000e+00 0.000000e+00
 0.000000e+00 0.000000e+00 0.000000e+00 0.000000e+00 0.000000e+00 0.000000e+00 0.000000e+00 6.030976e-01 3.969024e-01 0.000000e+00 0.000000e+00 0.000000e+00 0.000000e+00 0.000000e+00 0.000000e+00 0.000000e+00 0.000000e+00
 0.000000e+00 0.000000e+00 0.000000e+00 0.000000e+00 0.000000e+00 0.000000e+00 0.000000e+00 0.000000e+00 4.787360e-01 5.212640e-01 0.000000e+00 0.000000e+00 0.000000e+00 0.000000e+00 0.000000e+00 0.000000e+00 0.000000e+00
 0.000000e+00 0.000000e+00 0.000000e+00 0.000000e+00 0.000000e+00 0.000000e+00 0.000000e+00 0.000000e+00 0.000000e+00 4.867585e-01 5.132415e-01 0.000000e+00 0.000000e+00 0.000000e+00 0.000000e+00 0.000000e+00 0.000000e+00
 0.000000e+00 0.000000e+00 0.000000e+00 0.000000e+00 0.000000e+00 0.000000e+00 0.000000e+00 0.000000e+00 0.000000e+00 0.000000e+00 4.554782e-01 5.445219e-01 0.000000e+00 0.000000e+00 0.000000e+00 0.000000e+00 0.000000e+00
 0.000000e+00 0.000000e+00 0.000000e+00 0.000000e+00 0.000000e+00 0.000000e+00 0.000000e+00 0.000000e+00 0.000000e+00 0.000000e+00 0.000000e+00 3.387377e-01 6.612623e-01 0.000000e+00 0.000000e+00 0.000000e+00 0.000000e+00
 0.000000e+00 0.000000e+00 0.000000e+00 0.000000e+00 0.000000e+00 0.000000e+00 0.000000e+00 0.000000e+00 0.000000e+00 0.000000e+00 0.000000e+00 0.000000e+00 6.483001e-01 3.516999e-01 0.000000e+00 0.000000e+00 0.000000e+00
 0.000000e+00 0.000000e+00 0.000000e+00 0.000000e+00 0.000000e+00 0.000000e+00 0.000000e+00 0.000000e+00 0.000000e+00 0.000000e+00 0.000000e+00 0.000000e+00 0.000000e+00 5.095028e-01 4.904972e-01 0.000000e+00 0.000000e+00
 0.000000e+00 0.000000e+00 0.000000e+00 0.000000e+00 0.000000e+00 0.000000e+00 0.000000e+00 0.000000e+00 0.000000e+00 0.000000e+00 0.000000e+00 0.000000e+00 0.000000e+00 0.000000e+00 4.300583e-01 5.699418e-01 0.000000e+00
 0.000000e+00 0.000000e+00 0.000000e+00 0.000000e+00 0.000000e+00 0.000000e+00 0.000000e+00 0.000000e+00 0.000000e+00 0.000000e+00 0.000000e+00 0.000000e+00 0.000000e+00 0.000000e+00 0.000000e+00 6.886939e-01 3.113061e-01
 0.000000e+00 0.000000e+00 0.000000e+00 0.000000e+00 0.000000e+00 0.000000e+00 0.000000e+00 0.000000e+00 0.000000e+00 0.000000e+00 0.000000e+00 0.000000e+00 0.000000e+00 0.000000e+00 0.000000e+00 0.000000e+00 0.000000e+00
<ENDHMM>